Loại,Tên,Công ty / Tổ chức,Số giấy phép,Địa chỉ tên miền,Trạng thái,URL chi tiết
Mạng Xã Hội,Tinh Tế,CÔNG TY CỔ PHẦN MẠNG XÃ HỘI TINH TẾ,41/GP-BVHTTDL,https://tinhte.vn,Đang hoạt động,https://giayphep.abei.gov.vn/s/132060
Mạng Xã Hội,Winpro,TỔNG CÔNG TY TRUYỀN THÔNG (VNPT),09/GP-BVHTTDL,https://mwinpro.vn,Đang hoạt động,https://giayphep.abei.gov.vn/s/131795
Mạng Xã Hội,WEBTRETHO,CÔNG TY CỔ PHẦN THE PARENT,191/GP-BVHTTDL,https://webtretho.vn,Đang hoạt động,https://giayphep.abei.gov.vn/s/131743
Mạng Xã Hội,Mạng xã hội Âm Nhạc NCT,CÔNG TY CỔ PHẦN NCT,140/GP-BVHTTDL,https://nct.vn,Đang hoạt động,https://giayphep.abei.gov.vn/s/131742
Mạng Xã Hội,Tinh Tế,CÔNG TY CỔ PHẦN MẠNG XÃ HỘI TINH TẾ,134/GP-BVHTTDL,https://tinhte.vn,Ngừng hoạt động,https://giayphep.abei.gov.vn/s/131740
Mạng Xã Hội,,Công ty TNHH Đông Thành - Hòa Phúc.,81 /GXN-PTTH&TTĐT,https://loanhacnheo.vn.,Đang hoạt động,https://giayphep.abei.gov.vn/s/115637
Mạng Xã Hội,Sky,Công ty TNHH Công nghệ mạng Sky,71/GXN-PTTH&TTĐT,https://thietbicongnemangsky.co,Đang hoạt động,https://giayphep.abei.gov.vn/s/115636
Mạng Xã Hội,E.ON,Công ty Cổ phần Công nghệ giáo dục AES,62 /GXN-PTTH&TTĐT,https://aes.edu.vn.,Đang hoạt động,https://giayphep.abei.gov.vn/s/115635
Mạng Xã Hội,TheDEAL,Công ty Cổ phần TheDEAL Việt Nam.,61/GXN-PTTH&TTĐT,https://thedeal.vn.,Đang hoạt động,https://giayphep.abei.gov.vn/s/115634
Mạng Xã Hội,Style - Republik,CÔNG TY TNHH THỜI TRANG VÀ TRUYỀN THÔNG FACE & STYLE REPUBLIK VIỆT NAM,56 /GXN-PTTH&TTĐT,https://stylerepublik.vn.,Đang hoạt động,https://giayphep.abei.gov.vn/s/111677
Mạng Xã Hội,,CÔNG TY TNHH VIỄN THÔNG ĐA PHƯƠNG TIỆN THỜI NÉT SỐ,44/GP-BTTTT,http://thoinetso.vn,Đang hoạt động,https://giayphep.abei.gov.vn/s/130148
Mạng Xã Hội,,CÔNG TY TNHH CHỢ TỐT,20/GP-BTTTT,https://www.nhatot.com.vn; www.nhatot.com,Đang hoạt động,https://giayphep.abei.gov.vn/s/128132
Mạng Xã Hội,,CÔNG TY CỔ PHẦN ONEID,06 /GP-BTTTT,https://www.vinid.vn,Đang hoạt động,https://giayphep.abei.gov.vn/s/115642
Mạng Xã Hội,,CÔNG TY CỔ PHẦN VIỆT NAM GOLF,03/GP-BTTTT,https://www.vHandicap.vn; www.vHandicap.com.,Đang hoạt động,https://giayphep.abei.gov.vn/s/127661
Mạng Xã Hội,,CÔNG TY TNHH THỜI TRANG VÀ TRUYỀN THÔNG FACE & STYLE REPUBLIK VIỆT NAM,398/GP-BTTTT,http://lofficielvietnam.vn/,Đang hoạt động,https://giayphep.abei.gov.vn/s/129831
Mạng Xã Hội,,CÔNG TY TNHH GTC SAO PHƯƠNG ĐÔNG,399/GP-BTTTT,http://gtconnect.vn/,Ngừng hoạt động,https://giayphep.abei.gov.vn/s/130544
Mạng Xã Hội,,CÔNG TY CỔ PHẦN TRAVEL NETWORK,391/GP-BTTTT,"http://dulichamthuc.vn, http://foodtravelvietnam.com",Đang hoạt động,https://giayphep.abei.gov.vn/s/128503
Mạng Xã Hội,,CÔNG TY CỔ PHẦN TRUYỀN THÔNG G3 MEDIA,390/GP-BTTTT,http://skylife.vn,Đang hoạt động,https://giayphep.abei.gov.vn/s/130479
Mạng Xã Hội,,CÔNG TY CỔ PHẦN DỊCH VỤ CÔNG NGHỆ VÀ TRUYỀN THÔNG ĐA NỀN TẢNG,86/GP-BTTTT,http://cpc.net.vn,Đang hoạt động,https://giayphep.abei.gov.vn/s/130452
Mạng Xã Hội,,HIỆP HỘI AN NINH MẠNG QUỐC GIA,387/GP-BTTTT,http://Cybervn.vn,Đang hoạt động,https://giayphep.abei.gov.vn/s/127985
Mạng Xã Hội,,CÔNG TY CỔ PHẦN TẬP ĐOÀN GREEN TECH,382/GP-BTTTT,http://vdiarybook.vn; http://vdiarybook.com,Đang hoạt động,https://giayphep.abei.gov.vn/s/130486
Mạng Xã Hội,,CÔNG TY CỔ PHẦN TƯ VẤN DỊCH VỤ TRUYỀN THÔNG ATHENA,380/GP-BTTTT,http://educhat.vn,Đang hoạt động,https://giayphep.abei.gov.vn/s/130485
Mạng Xã Hội,,CÔNG TY CỔ PHẦN TẬP ĐOÀN CÔNG NGHỆ VK,378/GP-BTTTT,https://www.vchat.com.vn,Đang hoạt động,https://giayphep.abei.gov.vn/s/130100
Mạng Xã Hội,,CÔNG TY CỔ PHẦN TRUYỀN THÔNG T&T SOLUTIONS,377/GP-BTTTT,http://techloop.vn,Đang hoạt động,https://giayphep.abei.gov.vn/s/130494
Mạng Xã Hội,,CÔNG TY TNHH THƯƠNG MẠI - TRUYỀN THÔNG SAVY,374/GP-BTTTT,https://www.ecobiz.vn,Đang hoạt động,https://giayphep.abei.gov.vn/s/130057
Mạng Xã Hội,SANXINHA,CÔNG TY TNHH CHỨNG KHOÁN SHINHAN VIỆT NAM,375/GP-BTTTT,https://www.sanxinha.com.vn,Đang hoạt động,https://giayphep.abei.gov.vn/s/130500
Mạng Xã Hội,,CÔNG TY TNHH GOW AI TECHNOLOGY,369/GP-BTTTT,http://gowoo.vn,Đang hoạt động,https://giayphep.abei.gov.vn/s/130502
Mạng Xã Hội,,CÔNG TY TNHH CÔNG NGHỆ VXSPACE,366/GP-BTTTT,http://vxspace.vn,Đang hoạt động,https://giayphep.abei.gov.vn/s/130428
Mạng Xã Hội,,CÔNG TY TNHH MTV GENPRESS,365/GP-BTTTT,https://www.langtuccau.com.vn; www.langtuccau.com; www.thethao247.vn.,Đang hoạt động,https://giayphep.abei.gov.vn/s/131919
Mạng Xã Hội,,CÔNG TY CỔ PHẦN GIA ĐÌNH MỚI,354/GP-BTTTT,http://homefin.vn,Đang hoạt động,https://giayphep.abei.gov.vn/s/130416
Mạng Xã Hội,,CÔNG TY TNHH CÔNG NGHỆ GIA ĐÌNH,359/GP-BTTTT,https://www.fqa.vn,Đang hoạt động,https://giayphep.abei.gov.vn/s/130744
Mạng Xã Hội,,CÔNG TY TNHH CÔNG NGHỆ GIA ĐÌNH,358/GP-BTTTT,https://www.fbang.vn,Đang hoạt động,https://giayphep.abei.gov.vn/s/130505
Mạng Xã Hội,,CÔNG TY CỔ PHẦN ONE MOUNT REAL ESTATE,352/GP-BTTTT,https://www.onehousing.vn,Đang hoạt động,https://giayphep.abei.gov.vn/s/127660
Mạng Xã Hội,,CÔNG TY CỔ PHẦN EDULIVE TOÀN CẦU,351/GP-BTTTT,https://www.aiteacher.vn,Đang hoạt động,https://giayphep.abei.gov.vn/s/128539
Mạng Xã Hội,,TỔNG CÔNG TY VIỄN THÔNG MOBIFONE,342/GP-BTTTT,https://www.mobigames.vn,Đang hoạt động,https://giayphep.abei.gov.vn/s/128955
Mạng Xã Hội,,CÔNG TY CỔ PHẦN TIẾP THỊ THỊNH PHÁT,327/GP-BTTTT,https://www.cafeland.com.vn,Đang hoạt động,https://giayphep.abei.gov.vn/s/130672
Mạng Xã Hội,,CÔNG TY TNHH NPH DIGITAL,328/GP-BTTTT,http://occo.vn,Đang hoạt động,https://giayphep.abei.gov.vn/s/128535
Mạng Xã Hội,,CÔNG TY TNHH MTV MVRK,325/GP-BTTTT,https://www.sneakerhead.vn,Đang hoạt động,https://giayphep.abei.gov.vn/s/130563
Mạng Xã Hội,,CÔNG TY TNHH DOCOSAN,324/GP-BTTTT,http://docosan.vn,Ngừng hoạt động,https://giayphep.abei.gov.vn/s/131220
Mạng Xã Hội,,CÔNG TY TNHH PI GAMING,317/GP-BTTTT,http://xintel.vn,Đang hoạt động,https://giayphep.abei.gov.vn/s/130441
Mạng Xã Hội,,CÔNG TY CỔ PHẦN HOMETODAY,297/GP-BTTTT,https://www.hometoday.vn,Đang hoạt động,https://giayphep.abei.gov.vn/s/129925
Mạng Xã Hội,,CÔNG TY CỔ PHẦN ĐẦU TƯ CÔNG NGHỆ HOLA VIỆT NAM,294/GP-BTTTT,http://www.holala.com.vn,Đang hoạt động,https://giayphep.abei.gov.vn/s/128506
Mạng Xã Hội,,CÔNG TY CỔ PHẦN PHÁT TRIỂN CÔNG NGHỆ ADA VIỆT NAM,285/GP-BTTTT,https://www.findnear.vn,Đang hoạt động,https://giayphep.abei.gov.vn/s/130568
Mạng Xã Hội,,CÔNG TY TNHH WORLD WAVE CULTURE TECHNOLOGY,271/GP-BTTTT,http://aisport.vn,Đang hoạt động,https://giayphep.abei.gov.vn/s/128062
Mạng Xã Hội,,CÔNG TY CỔ PHẦN TẬP ĐOÀN GIẢI TRÍ ĐẠI DƯƠNG,246/GP-BTTTT,http://oeg.vn,Đang hoạt động,https://giayphep.abei.gov.vn/s/129896
Mạng Xã Hội,,CÔNG TY TNHH HUB2S VIỆT NAM,247/GP-BTTTT,http://hub2s.vn; http://hub2s.com,Đang hoạt động,https://giayphep.abei.gov.vn/s/129907
Mạng Xã Hội,,CÔNG TY CỔ PHẦN TRUYỀN THÔNG SAIGONTV,245/GP-BTTTT,http://hisaigon.vn,Đang hoạt động,https://giayphep.abei.gov.vn/s/130557
Mạng Xã Hội,,CÔNG TY CỔ PHẦN THEANH 28 TALENT,228/GP-BTTTT,"http://60giay.com.vn, http://60giay.com",Đang hoạt động,https://giayphep.abei.gov.vn/s/128667
Mạng Xã Hội,,CÔNG TY CP TRUYỀN THÔNG BCM,205/GP-BTTTT,http://evabiz.vn,Đang hoạt động,https://giayphep.abei.gov.vn/s/130548
Mạng Xã Hội,,CÔNG TY CỔ PHẦN DOANH NGHIỆP XÃ HỘI GREEN JOURNEY,202/GP-BTTTT,http://greenstyle.vn,Đang hoạt động,https://giayphep.abei.gov.vn/s/129889
Mạng Xã Hội,,CÔNG TY TNHH SMART PRO,201/GP-BTTTT,https://www.60shomnay.vn,Đang hoạt động,https://giayphep.abei.gov.vn/s/130490
Mạng Xã Hội,,CÔNG TY CỔ PHẦN CÔNG NGHỆ SỐ DIA,169/GP-BTTTT,https://www.irsocial.vn,Đang hoạt động,https://giayphep.abei.gov.vn/s/130484
Mạng Xã Hội,,CÔNG TY CỔ PHẦN MCN ESPORTS,168/GP-BTTTT,https://www.evoplay.vn,Đang hoạt động,https://giayphep.abei.gov.vn/s/129880
Mạng Xã Hội,,CÔNG TY CỔ PHẦN CÔNG NGHỆ FIRST AI,165/GP-BTTTT,http://www.aihay.vn,Đang hoạt động,https://giayphep.abei.gov.vn/s/129940
Mạng Xã Hội,SANXINHA,CÔNG TY TNHH CHỨNG KHOÁN SHINHAN VIET NAM,167/GP-BTTTT,https://www.sanxinha.com.vn,Ngừng hoạt động,https://giayphep.abei.gov.vn/s/128016
Mạng Xã Hội,,CÔNG TY TNHH ZIE,166/GP-BTTTT,https://www.zinder.vn; www.zinder.app,Đang hoạt động,https://giayphep.abei.gov.vn/s/128522
Mạng Xã Hội,,CÔNG TY CỔ PHẦN NỘI DUNG THỂ THAO VIỆT,162/GP-BTTTT,https://www.webthethao.com.vn và www.webthethao.vn,Ngừng hoạt động,https://giayphep.abei.gov.vn/s/130720
Mạng Xã Hội,,CÔNG TY CỔ PHẦN VIỆT NAM GOLF,159/GP-BTTTT,https://www.vHandicap.vn và www.vHandicap.com,Ngừng hoạt động,https://giayphep.abei.gov.vn/s/130467
Mạng Xã Hội,,CÔNG TY CỔ PHẦN CHỨNG KHOÁN KIS VIỆT NAM,155/GP-BTTTT,https://www.stockkisvn.vn,Đang hoạt động,https://giayphep.abei.gov.vn/s/129891
Mạng Xã Hội,,CÔNG TY TNHH TOP TALENT,153/GP-BTTTT,https://www.mbest.com.vn,Đang hoạt động,https://giayphep.abei.gov.vn/s/130413
Mạng Xã Hội,,CÔNG TY CỔ PHẦN ADTIMA,152/GP-BTTTT,"https://www.dicungcon.vn, www.dicungcon.com.vn",Đang hoạt động,https://giayphep.abei.gov.vn/s/130423
Mạng Xã Hội,,TỔNG CÔNG TY VIỄN THÔNG MOBIFONE,145/GP-BTTTT,http://www.mobiagri.vn,Đang hoạt động,https://giayphep.abei.gov.vn/s/130498
Mạng Xã Hội,,CÔNG TY CP CÔNG NGHỆ KTS VIVUPLAZA,143/GP-BTTTT,"https://www.gootravel.vn, www.gootravel.com.vn",Đang hoạt động,https://giayphep.abei.gov.vn/s/128055
Mạng Xã Hội,,CÔNG TY CỔ PHẦN THANH TOÁN HƯNG HÀ,144/GP-BTTTT,https://www.chat365.vn,Ngừng hoạt động,https://giayphep.abei.gov.vn/s/129858
Mạng Xã Hội,,CÔNG TY CP TẬP ĐOÀN MẠNG XÃ HỘI BẤT ĐỘNG SẢN RECBOOK,130/GP-BTTTT,https://www.rebook.vn; www.rebook.com; www.rebook.net; www.rebook.com.vn,Đang hoạt động,https://giayphep.abei.gov.vn/s/130432
Mạng Xã Hội,,CÔNG TY TNHH DOCTOR NETWORK VIỆT NAM,131/GP-BTTTT,https://www.doctornetwork.vn,Đang hoạt động,https://giayphep.abei.gov.vn/s/129808
Mạng Xã Hội,,CÔNG TY CỔ PHẦN CÔNG NGHỆ VARS VIỆT NAM,127/GP-BTTTT,https://www.varsconnect.vn,Đang hoạt động,https://giayphep.abei.gov.vn/s/130438
Mạng Xã Hội,,TẠP CHÍ MÔI TRƯỜNG GIAO THÔNG,128/GP-BTTTT,https://www.diendangiaothong.vn,Đang hoạt động,https://giayphep.abei.gov.vn/s/130266
Mạng Xã Hội,,CÔNG TY CỔ PHẦN VTC DỊCH VỤ DI ĐỘNG,112/GP-BTTTT,https://www.liveg.vn,Đang hoạt động,https://giayphep.abei.gov.vn/s/130268
Mạng Xã Hội,,CÔNG TY TNHH MJ ART GROUP,87/GP-BTTTT,https://www.bidu.vn,Đang hoạt động,https://giayphep.abei.gov.vn/s/129799
Mạng Xã Hội,,CÔNG TY CỔ PHẦN CHỨNG KHOÁN SSI,85/GP-BTTTT,http://iguru.vn,Ngừng hoạt động,https://giayphep.abei.gov.vn/s/128815
Mạng Xã Hội,,CÔNG TY CỔ PHẦN CHỨNG KHOÁN KB VIỆT NAM,80/GP-BTTTT,https://www.cafebuddy.com.vn,Đang hoạt động,https://giayphep.abei.gov.vn/s/130463
Mạng Xã Hội,,CÔNG TY TNHH CÔNG NGHỆ THỂ THAO OOKK,79/GP-BTTTT,https://www.ookk.vn,Đang hoạt động,https://giayphep.abei.gov.vn/s/130458
Mạng Xã Hội,,CÔNG TY CỔ PHẦN TRADENET VIỆT NAM,74/GP-BTTTT,https://www.leox.vn,Đang hoạt động,https://giayphep.abei.gov.vn/s/128764
Mạng Xã Hội,,CÔNG TY CỔ PHẦN TẬP ĐOÀN MEEY LAND,72/GP-BTTTT,https://www.meeychat.vn; www.meeychat.com,Đang hoạt động,https://giayphep.abei.gov.vn/s/130456
Mạng Xã Hội,,CÔNG TY CỔ PHẦN TRUYỀN THÔNG & SỰ KIỆN BACKSTAGE,62/GP-BTTTT,https://www.backstage.vn,Đang hoạt động,https://giayphep.abei.gov.vn/s/130385
Mạng Xã Hội,,CÔNG TY TNHH QPAMLD,49/GP-BTTTT,https://www.auto.vn,Đang hoạt động,https://giayphep.abei.gov.vn/s/131201
Mạng Xã Hội,,CÔNG TY TNHH PHÁT TRIỂN THIẾT KẾ VIỆT NAM,18/GP-BTTTT,https://www.designplus.vn,Đang hoạt động,https://giayphep.abei.gov.vn/s/129747
Mạng Xã Hội,,CÔNG TY CỔ PHẦN CÔNG NGHỆ FIRST AI,13/GP-BTTTT,https://www.hayl.vn,Ngừng hoạt động,https://giayphep.abei.gov.vn/s/129745
Mạng Xã Hội,,CÔNG TY TNHH HIT GROUP,10/GP-BTTTT,https://www.chochay.vn; www.anchay.tv,Đang hoạt động,https://giayphep.abei.gov.vn/s/131192
Mạng Xã Hội,,CÔNG TY TNHH CÔNG NGHỆ GIA ĐÌNH,07/GP-BTTTT,https://www.fqa.vn,Ngừng hoạt động,https://giayphep.abei.gov.vn/s/130365
Mạng Xã Hội,,CÔNG TY CỔ PHẦN CÔNG NGHỆ 3S GROUP,06/GP-BTTTT,https://www.job3s.vn,Đang hoạt động,https://giayphep.abei.gov.vn/s/129735
Mạng Xã Hội,,CÔNG TY CỔ PHẦN TRUYỀN THÔNG TỰ HÀO VIỆT,05/GP-BTTTT,https://www.vietexplore.vn,Đang hoạt động,https://giayphep.abei.gov.vn/s/129748
Mạng Xã Hội,,CÔNG TY CỔ PHẦN GIẢI PHÁP THỜI TIẾT WEATHERPUS,486/GP-BTTTT,https://www.vietplant.com.vn,Đang hoạt động,https://giayphep.abei.gov.vn/s/130481
Mạng Xã Hội,,CÔNG TY CỔ PHẦN XFM,485/GP-BTTTT,https://www.zcast.vn,Đang hoạt động,https://giayphep.abei.gov.vn/s/127842
Mạng Xã Hội,,CÔNG TY TNHH PHÁT TRIỂN HƯNG TRUYỀN,474/GP-BTTTT,https://www.vuilife.vn; www.vuilife.com,Đang hoạt động,https://giayphep.abei.gov.vn/s/130570
Mạng Xã Hội,,CÔNG TY TNHH VNG ONLINE,475/GP-BTTTT,https://www.nhatkyzalo.vn,Đang hoạt động,https://giayphep.abei.gov.vn/s/128596
Mạng Xã Hội,,CÔNG TY CỔ PHẦN VIỆN PHÁT TRIỂN GIÁO DỤC VÀ PHÁP LUẬT,467/GP-BTTTT,https://www.phuhuynh.net.vn,Đang hoạt động,https://giayphep.abei.gov.vn/s/130372
Mạng Xã Hội,,CÔNG TY CỔ PHẦN CLEVER JOB,59/GP-BTTTT,https://www.jobo.vn,Đang hoạt động,https://giayphep.abei.gov.vn/s/131097
Mạng Xã Hội,,CÔNG TY TNHH MTV MVRK,434/GP-BTTTT,https://www.Hypebeast.vn,Ngừng hoạt động,https://giayphep.abei.gov.vn/s/128067
Mạng Xã Hội,,CÔNG TY TNHH KFSP,435/GP-BTTTT,https://www.kfsp.vn,Đang hoạt động,https://giayphep.abei.gov.vn/s/130331
Mạng Xã Hội,,CÔNG TY TNHH PAMABATI,432/GP-BTTTT,https://www.pamabati.vn,Đang hoạt động,https://giayphep.abei.gov.vn/s/130459
Mạng Xã Hội,,CÔNG TY CỔ PHẦN TÀI CHÍNH THÔNG MINH SMARTF,424/GP-BTTTT,https://www.smartf.vn,Đang hoạt động,https://giayphep.abei.gov.vn/s/130250
Mạng Xã Hội,,CÔNG TY CỔ PHẦN CHỨNG KHOÁN AN BÌNH,403/GP-BTTTT,http://ABWealth.vn,Đang hoạt động,https://giayphep.abei.gov.vn/s/127715
Mạng Xã Hội,,CÔNG TY CỔ PHẦN STOCKBOOK,397/GP-BTTTT,http://Stockbook.vn,Đang hoạt động,https://giayphep.abei.gov.vn/s/129559
Mạng Xã Hội,,CÔNG TY CỔ PHẦN GAMOTA,393/GP-BTTTT,https://www.playee.vn,Đang hoạt động,https://giayphep.abei.gov.vn/s/130475
Mạng Xã Hội,,CÔNG TY TNHH CHỨNG KHOÁN JB VIỆT NAM,395/GP-BTTTT,http://finavi.com.vn,Đang hoạt động,https://giayphep.abei.gov.vn/s/129685
Mạng Xã Hội,,CÔNG TY CỔ PHẦN TẬP ĐOÀN BT VIỆT NAM,394/GP-BTTTT,https://www.nghegiao.vn,Đang hoạt động,https://giayphep.abei.gov.vn/s/128054
Mạng Xã Hội,,CÔNG TY CỔ PHẦN TẬP ĐOÀN UB,392/GP-BTTTT,https://www.ub.com.vn,Ngừng hoạt động,https://giayphep.abei.gov.vn/s/130690
Mạng Xã Hội,,CÔNG TY TNHH QUẢNG CÁO 199SIG,386/GP-BTTTT,http://travelsig.vn,Đang hoạt động,https://giayphep.abei.gov.vn/s/130400
Mạng Xã Hội,,CÔNG TY CỔ PHẦN TRUYỀN THÔNG VNNPLUS,385/GP-BTTTT,https://www.mkara.vn,Đang hoạt động,https://giayphep.abei.gov.vn/s/128052
Mạng Xã Hội,,CÔNG TY TNHH THƯƠNG MẠI ĐIỆN TỬ CHỢ NHANH,384/GP-BTTTT,https://www.chonhanh.vn,Đang hoạt động,https://giayphep.abei.gov.vn/s/130398
Mạng Xã Hội,,CÔNG TY CỔ PHẦN TỔNG CÔNG TY TRUYỀN HÌNH CÁP VIỆT NAM,383/GP-BTTTT,https://www.ongaming.vn,Đang hoạt động,https://giayphep.abei.gov.vn/s/130420
Mạng Xã Hội,,CÔNG TY CỔ PHẦN ONE MOUNT REAL ESTATE,371/GP-BTTTT,https://www.onehousing.vn.,Ngừng hoạt động,https://giayphep.abei.gov.vn/s/131084
Mạng Xã Hội,,CÔNG TY CỔ PHẦN CÔNG NGHỆ TRE XANH,365/GP-BTTTT,https://www.gogame.vn,Đang hoạt động,https://giayphep.abei.gov.vn/s/130427
Mạng Xã Hội,,CÔNG TY TNHH TRUYỀN THÔNG SƠN TRÀ,359/GP-BTTTT,https://www.sk360.vn.,Đang hoạt động,https://giayphep.abei.gov.vn/s/130436
Mạng Xã Hội,,CỤC THÔNG TIN ĐỐI NGOẠI,342/GP-BTTTT,https://happy.vietnam.vn,Đang hoạt động,https://giayphep.abei.gov.vn/s/128519
Mạng Xã Hội,,CÔNG TY TNHH RED COMMUNICATIONS,330/GP-BTTTT,https://www.doctor247.vn,Đang hoạt động,https://giayphep.abei.gov.vn/s/130433
Mạng Xã Hội,,CÔNG TY CỔ PHẦN THƯƠNG MẠI ĐIỆN TỬ TÍN ĐỒ HÀNG HIỆU,320/GP-BTTTT,https://www.tindohanghieu.vn,Đang hoạt động,https://giayphep.abei.gov.vn/s/130424
Mạng Xã Hội,,CÔNG TY TNHH CHỢ TỐT,322/GP-BTTTT,https://www.nhatot.com.vn và www.nhatot.com,Ngừng hoạt động,https://giayphep.abei.gov.vn/s/128334
Mạng Xã Hội,,CÔNG TY CỔ PHẦN THƯƠNG MẠI DỊCH VỤ CÔNG NGHỆ TIASA,281/GP-BTTTT,https://www.dicamon.vn,Đang hoạt động,https://giayphep.abei.gov.vn/s/130444
Mạng Xã Hội,,CÔNG TY CỔ PHẦN TẬP ĐOÀN MEEY LAND,280/GP-BTTTT,https://www.meeyproject.vn; www.meeyproject.com,Đang hoạt động,https://giayphep.abei.gov.vn/s/130447
Mạng Xã Hội,,CÔNG TY CỔ PHẦN GIẢI TRÍ 357,279/GP-BTTTT,https://www.game1vn.vn,Đang hoạt động,https://giayphep.abei.gov.vn/s/128043
Mạng Xã Hội,,CÔNG TY CỔ PHẦN WLIN GLOBAL HOLDINGS,264/GP-BTTTT,https://www.wlin.vn;,Đang hoạt động,https://giayphep.abei.gov.vn/s/130379
Mạng Xã Hội,,CÔNG TY TNHH MTV WEB CỘNG ĐỒNG VIỆT NAM,263/GP-BTTTT,https://www.webcongdong.vn,Đang hoạt động,https://giayphep.abei.gov.vn/s/131233
Mạng Xã Hội,,CÔNG TY TNHH CÔNG NGHỆ GIẢI TRÍ ALIEN,257/GP-BTTTT,https://www.wifigame.vn,Đang hoạt động,https://giayphep.abei.gov.vn/s/130471
Mạng Xã Hội,,CÔNG TY TNHH VIỆT NAM EVENT GROUP,255/GP-BTTTT,https://www.stage.vn,Đang hoạt động,https://giayphep.abei.gov.vn/s/128061
Mạng Xã Hội,,CÔNG TY CỔ PHẦN CHỨNG KHOÁN SSI,253/GP-BTTTT,http://iguru.vn,Ngừng hoạt động,https://giayphep.abei.gov.vn/s/129885
Mạng Xã Hội,,CÔNG TY CỔ PHẦN PHÂN BÓN DẦU KHÍ CÀ MAU,254/GP-BTTTT,https://www.hainong.vn,Đang hoạt động,https://giayphep.abei.gov.vn/s/130324
Mạng Xã Hội,,CÔNG TY CỔ PHẦN LIVEUP GROUP,222/GP-BTTTT,https://www.10up.vn,Đang hoạt động,https://giayphep.abei.gov.vn/s/130319
Mạng Xã Hội,,CÔNG TY CỔ PHẦN TRUYỀN HÌNH TƯƠNG TÁC VIỆT NAM,218/GP-BTTTT,http://onlive.vn,Đang hoạt động,https://giayphep.abei.gov.vn/s/130287
Mạng Xã Hội,,CÔNG TY TNHH AF SERVICES,210/GP-BTTTT,https://http:hoichunganfin.vn; fintown.vn,Đang hoạt động,https://giayphep.abei.gov.vn/s/130337
Mạng Xã Hội,,CÔNG TY CỔ PHẦN VTC DỊCH VỤ DI ĐỘNG,209/GP-BTTTT,https://www.vtcesports.vn,Ngừng hoạt động,https://giayphep.abei.gov.vn/s/130528
Mạng Xã Hội,,CÔNG TY TNHH DFINITY TECHNOLOGY,204/GP-BTTTT,http://livo.vn,Đang hoạt động,https://giayphep.abei.gov.vn/s/130314
Mạng Xã Hội,,CÔNG TY CỔ PHẦN TRUYỀN THÔNG VÀ GIẢI TRÍ HAHAHA,205/GP-BTTTT,https://www.trollxe.vn,Đang hoạt động,https://giayphep.abei.gov.vn/s/130533
Mạng Xã Hội,,CÔNG TY TNHH KAS CARE,206/GP-BTTTT,https://www.o50.vn,Đang hoạt động,https://giayphep.abei.gov.vn/s/128036
Mạng Xã Hội,,CÔNG TY TNHH 24HMONEY,203/GP-BTTTT,http://24hmoney.vn,Đang hoạt động,https://giayphep.abei.gov.vn/s/128080
Mạng Xã Hội,,CÔNG TY CỔ PHẦN ĐẦU ACM HOLDINGS,183/GP-BTTTT,https://www.ktdn.vn,Đang hoạt động,https://giayphep.abei.gov.vn/s/130262
Mạng Xã Hội,,CÔNG TY CỔ PHẦN ESTUARY,184/GP-BTTTT,https://www.sotayskdd.vn,Đang hoạt động,https://giayphep.abei.gov.vn/s/130480
Mạng Xã Hội,,CÔNG TY CỔ PHẦN CÔNG NGHỆ QUỐC TẾ KTS CORER 4.0 GROUP,170/GP-BTTTT,https://www.corer.com.vn,Đang hoạt động,https://giayphep.abei.gov.vn/s/130425
Mạng Xã Hội,,CÔNG TY CỔ PHẦN ĐẦU TƯ ĐỨC NGHIỆP,127/GP-BTTTT,https://www.ducnghiep.vn,Đang hoạt động,https://giayphep.abei.gov.vn/s/131227
Mạng Xã Hội,,CÔNG TY TNHH TRUYỀN THÔNG VÀ DU LỊCH QUỐC TẾ ICC,126/GP-BTTTT,https://www.vietnamlink.vn,Đang hoạt động,https://giayphep.abei.gov.vn/s/128731
Mạng Xã Hội,,CÔNG TY CỔ PHẦN YOTEL,125/GP-BTTTT,https://www.thegioicamxuc.vn,Đang hoạt động,https://giayphep.abei.gov.vn/s/130315
Mạng Xã Hội,,CÔNG TY CỔ PHẦN OPP VIỆT NAM,122/GP-BTTTT,https://www.tamtinh.vn; www.congdongyduoc.vn,Đang hoạt động,https://giayphep.abei.gov.vn/s/128829
Mạng Xã Hội,,CÔNG TY CỔ PHẦN ANT LEARNING VIỆT NAM,115/GP-BTTTT,http://ant-learning.com.vn; http://ant-learning.com,Đang hoạt động,https://giayphep.abei.gov.vn/s/128615
Mạng Xã Hội,,CÔNG TY TNHH MAYBEVERSE,104/GP-BTTTT,https://www.maybe.vn,Đang hoạt động,https://giayphep.abei.gov.vn/s/130618
Mạng Xã Hội,,CÔNG TY TNHH FANTICK VIỆT NAM,100/GP-BTTTT,https://fantick.vn,Đang hoạt động,https://giayphep.abei.gov.vn/s/129826
Mạng Xã Hội,,CÔNG TY TNHH DỊCH VỤ CÔNG NGHỆ THỂ THAO X,105/GP-BTTTT,https://www.sporttech.vn,Đang hoạt động,https://giayphep.abei.gov.vn/s/130217
Mạng Xã Hội,,CÔNG TY TNHH TRUYỀN THÔNG QUẢNG CÁO CHÂN TRỜI MỚI,96/GP-BTTTT,https://www.topshare.com.vn,Đang hoạt động,https://giayphep.abei.gov.vn/s/130252
Mạng Xã Hội,,CÔNG TY CỔ PHẦN TẬP ĐOÀN MEEY LAND,95/GP-BTTTT,https://www.meeyshare.vn; www.meeyshare.com,Đang hoạt động,https://giayphep.abei.gov.vn/s/130286
Mạng Xã Hội,,CÔNG TY CỔ PHẦN CÔNG NGHỆ VIVUVN,84/GP-BTTTT,https://www.vivuvn.com.vn,Đang hoạt động,https://giayphep.abei.gov.vn/s/131252
Mạng Xã Hội,,CÔNG TY TNHH CÔNG NGHỆ FLALA,71/GP-BTTTT,https://www.Flala.com.vn,Đang hoạt động,https://giayphep.abei.gov.vn/s/130636
Mạng Xã Hội,,CÔNG TY CỔ PHẦN ĐẦU TƯ VÀ GIÁO DỤC ANYLEARN,62/GP-BTTTT,https://www.anylearn.vn,Đang hoạt động,https://giayphep.abei.gov.vn/s/128502
Mạng Xã Hội,,CÔNG TY TNHH MTV GENPRESS,61/GP-BTTTT,https://www.langtuccau.com.vn; www.langtuccau.com,Ngừng hoạt động,https://giayphep.abei.gov.vn/s/129903
Mạng Xã Hội,,CÔNG TY TNHH THƯƠNG MẠI ĐIỆN TỬ SUDO,63/GP-BTTTT,https://www.topz.com.vn,Đang hoạt động,https://giayphep.abei.gov.vn/s/130200
Mạng Xã Hội,,CÔNG TY CỔ PHẦN CÔNG NGHỆ PHÁT TRIỂN QUỐC TẾ KTS DES GROUP,58/GP-BTTTT,https://www.ktsdesgroup.com.vn,Đang hoạt động,https://giayphep.abei.gov.vn/s/128129
Mạng Xã Hội,,CÔNG TY TNHH THƯƠNG MẠI VÀ DỊCH VỤ VLIKE,56/GP-BTTTT,https://www.vlike.vn,Đang hoạt động,https://giayphep.abei.gov.vn/s/130190
Mạng Xã Hội,,CÔNG TY CỔ PHẦN CÔNG NGHỆ VÀ TRUYỀN THÔNG NEMO,60/GP-BTTTT,https://www.game6.vn,Đang hoạt động,https://giayphep.abei.gov.vn/s/130216
Mạng Xã Hội,,CÔNG TY CỔ PHẦN PHÁT TRIỂN KIZI,29/GP-BTTTT,https://www.kizi.vn,Đang hoạt động,https://giayphep.abei.gov.vn/s/130179
Mạng Xã Hội,,CÔNG TY CỔ PHẦN DOANH NGHIỆP XÃ HỘI FOOD SHARE,23/GP-BTTTT,https://www.foodshare.vn,Đang hoạt động,https://giayphep.abei.gov.vn/s/130160
Mạng Xã Hội,,CÔNG TY CỔ PHẦN XÚC TIẾN ĐẦU TƯ THƯƠNG MẠI DỊCH VỤ TOÀN CẦU,12/GP-BTTTT,https://www.2kcn.vn,Đang hoạt động,https://giayphep.abei.gov.vn/s/130658
Mạng Xã Hội,,CÔNG TY TNHH ARTGO MEDIA,609/GP-BTTTT,https://www.zooxem.vn; www.zooxem.com,Đang hoạt động,https://giayphep.abei.gov.vn/s/130038
Mạng Xã Hội,,CÔNG TY CỔ PHẦN FCORP,610/GP-BTTTT,https://www.f247.vn; www.f247.com,Đang hoạt động,https://giayphep.abei.gov.vn/s/130265
Mạng Xã Hội,,CÔNG TY CỔ PHẦN TRUYỀN THÔNG VÀ CÔNG NGHỆ SỐ 3S QUỐC TẾ,589/GP-BTTTT,https://www.gioitre.vn,Đang hoạt động,https://giayphep.abei.gov.vn/s/130709
Mạng Xã Hội,,CÔNG TY CỔ PHẦN REMAPS,592/GP-BTTTT,https://www.remaps.vn,Đang hoạt động,https://giayphep.abei.gov.vn/s/128628
Mạng Xã Hội,,CÔNG TY CỔ PHẦN CÔNG NGHỆ GIÁO DỤC GITIHO VIỆT NAM,588/GP-BTTTT,https://www.gitiho.vn,Ngừng hoạt động,https://giayphep.abei.gov.vn/s/128413
Mạng Xã Hội,,CÔNG TY CỔ PHẦN ĐẦU TƯ VÀ PHÁT TRIỂN CÔNG NGHỆ TRUYỀN THÔNG NAM VIỆT,591/GP-BTTTT,https://www.sentrip.vn,Đang hoạt động,https://giayphep.abei.gov.vn/s/128702
Mạng Xã Hội,,CÔNG TY CỔ PHẦN WHITE SHARK,572/GP-BTTTT,https://www.lag.com.vn và www.lag.vn.,Đang hoạt động,https://giayphep.abei.gov.vn/s/130975
Mạng Xã Hội,,CÔNG TY CỔ PHẦN HOMETODAY,543/GP-BTTTT,https://www.hometoday.vn,Ngừng hoạt động,https://giayphep.abei.gov.vn/s/130697
Mạng Xã Hội,,CÔNG TY TNHH DỊCH VỤ QUẢNG CÁO VÀ TRUYỀN THÔNG CHÂU Á,545/GP-BTTTT,https://www.elledecoration.vn,Đang hoạt động,https://giayphep.abei.gov.vn/s/131259
Mạng Xã Hội,,CÔNG TY TNHH DỊCH VỤ QUẢNG CÁO VÀ TRUYỀN THÔNG CHÂU Á,546/GP-BTTTT,https://www.elleman.vn,Đang hoạt động,https://giayphep.abei.gov.vn/s/129877
Mạng Xã Hội,,CÔNG TY TNHH CÔNG NGHỆ CAO IMAX,544/GP-BTTTT,https://www.imaxhitech.vn,Đang hoạt động,https://giayphep.abei.gov.vn/s/130700
Mạng Xã Hội,,CÔNG TY CỔ PHẦN WIDDY,547/GP-BTTTT,https://www.widdy.vn,Đang hoạt động,https://giayphep.abei.gov.vn/s/130715
Mạng Xã Hội,,CÔNG TY TNHH LEGALZONE,528/GP-BTTTT,https://www.Ttpl.vn,Đang hoạt động,https://giayphep.abei.gov.vn/s/130695
Mạng Xã Hội,,CÔNG TY TNHH CRYPTODAY VIETNAM,497/GP-BTTTT,https://www.cryptoday.vn,Đang hoạt động,https://giayphep.abei.gov.vn/s/130560
Mạng Xã Hội,,CÔNG TY CỔ PHẦN BKAV,499/GP-BTTTT,https://www.vnr.net.vn; www.vnreview.vn,Đang hoạt động,https://giayphep.abei.gov.vn/s/131269
Mạng Xã Hội,,CÔNG TY CỔ PHẦN PRISMTECH,494/GP-BTTTT,https://www.prismtech.vn,Đang hoạt động,https://giayphep.abei.gov.vn/s/130683
Mạng Xã Hội,,CÔNG TY CỔ PHẦN VIETNAM NEW LIFESTYLE INCUBATION,493/GP-BTTTT,https://www.joyme.vn; www.joyme.io,Đang hoạt động,https://giayphep.abei.gov.vn/s/130514
Mạng Xã Hội,,CÔNG TY CỔ PHẦN TẬP ĐOÀN VIỆT NAM LIFE,495/GP-BTTTT,https://www.mallbook.vn; www.mallbook.com.vn,Đang hoạt động,https://giayphep.abei.gov.vn/s/130518
Mạng Xã Hội,,CÔNG TY CỔ PHẦN LIVEUP GROUP,488/GP-BTTTT,https://www.10up.vn,Ngừng hoạt động,https://giayphep.abei.gov.vn/s/128694
Mạng Xã Hội,,CÔNG TY TNHH DSF VIỆT NAM,408/GP-BTTTT,https://www.farmersvietnam.vn,Ngừng hoạt động,https://giayphep.abei.gov.vn/s/130442
Mạng Xã Hội,,CÔNG TY CỔ PHẦN CỘNG ĐỒNG BẤT ĐỘNG SẢN RECBOOK,370/GP-BTTTT,https://www.recbook.vn; www.recbook.com; www.recbook.net; www.recbook.com.vn;,Ngừng hoạt động,https://giayphep.abei.gov.vn/s/128374
Mạng Xã Hội,,CÔNG TY CỔ PHẦN XFM,343/GP-BTTTT,https://www.zcast.vn,Ngừng hoạt động,https://giayphep.abei.gov.vn/s/128688
Mạng Xã Hội,,CÔNG TY CỔ PHẦN GIẢI PHÁP TÀI CHÍNH IVND,308/GP-BTTTT,http://Stockbook.vn,Ngừng hoạt động,https://giayphep.abei.gov.vn/s/128679
Mạng Xã Hội,,CÔNG TY CỔ PHẦN ONE MOUNT REAL ESTATE,299/GP-BTTTT,https://www.onehousing.vn,Ngừng hoạt động,https://giayphep.abei.gov.vn/s/130411
Mạng Xã Hội,,CÔNG TY CỔ PHẦN VICTORY TECH,56/GP-BTTTT,https://www.viccom.net.vn; www.viccom.net,Đang hoạt động,https://giayphep.abei.gov.vn/s/131246
Mạng Xã Hội,,CÔNG TY CỔ PHẦN FCORP,73/GP-BTTTT,https://www.thodia247.vn,Đang hoạt động,https://giayphep.abei.gov.vn/s/131243
Mạng Xã Hội,,"CÔNG TY TNHH CÔNG NGHỆ, DỊCH VỤ VÀ TRUYỀN THÔNG XE VIỆT",55/GP-BTTTT,https://www.autoblog.vn,Đang hoạt động,https://giayphep.abei.gov.vn/s/130605
Mạng Xã Hội,,CÔNG TY CỔ PHẦN QUẢNG CÁO TRỰC TUYẾN 24H,51/GP-BTTTT,"https://www.viva24h.vn, www.viva24h.com.vn",Đang hoạt động,https://giayphep.abei.gov.vn/s/130611
Mạng Xã Hội,,CÔNG TY CỔ PHẦN GIÁO DỤC VINASTUDY VIỆT NAM,54/GP-BTTTT,https://www.vinastudy.vn,Đang hoạt động,https://giayphep.abei.gov.vn/s/130615
Mạng Xã Hội,,CÔNG TY CỔ PHẦN VIỄN THÔNG ASIM,47/GP-BTTTT,https://www.mangdidonglocal.vn,Đang hoạt động,https://giayphep.abei.gov.vn/s/130613
Mạng Xã Hội,,CÔNG TY TNHH TUI MUA BÁN,58/GP-BTTTT,https://www.tuimuaban.vn,Đang hoạt động,https://giayphep.abei.gov.vn/s/130513
Mạng Xã Hội,,TẠP CHÍ MỸ THUẬT ỨNG DỤNG,45/GP-BTTTT,https://www.depaz.vn,Đang hoạt động,https://giayphep.abei.gov.vn/s/128886
Mạng Xã Hội,,CÔNG TY CỔ PHẦN XCORP,50/GP-BTTTT,https://www.chogia.vn,Đang hoạt động,https://giayphep.abei.gov.vn/s/130603
Mạng Xã Hội,,CÔNG TY TNHH TRUYỀN THÔNG KINH TẾ - XÃ HỘI,57/GP-BTTTT,https://www.vedepcs.vn,Đang hoạt động,https://giayphep.abei.gov.vn/s/130318
Mạng Xã Hội,,CÔNG TY TNHH TRUYỀN THÔNG NETCUT,38/GP-BTTTT,https://www.congdongmxh.vn,Đang hoạt động,https://giayphep.abei.gov.vn/s/129983
Mạng Xã Hội,,CÔNG TY TNHH DSF VIỆT NAM,13/GP-BTTTT,https://www.farmersvietnam.vn,Đang hoạt động,https://giayphep.abei.gov.vn/s/129633
Mạng Xã Hội,,CÔNG TY TNHH TM DV TÀI CHÍNH TIÊU DÙNG,41/GP-BTTTT,https://www.tctd.vn,Đang hoạt động,https://giayphep.abei.gov.vn/s/130440
Mạng Xã Hội,,CÔNG TY CỔ PHẦN TRUYỀN THÔNG LỐI SỐNG THƯỢNG LƯU,782/GP-BTTTT,https://www.luxlifestyle.vn,Đang hoạt động,https://giayphep.abei.gov.vn/s/130213
Mạng Xã Hội,,CÔNG TY CỔ PHẦN CHỨNG KHOÁN PINETREE,784/GP-BTTTT,https://www.pinex.vn,Đang hoạt động,https://giayphep.abei.gov.vn/s/128358
Mạng Xã Hội,,CÔNG TY CỔ PHẦN ĐẦU TƯ VÀ PHÁT TRIỂN GIÁO DỤC PHƯƠNG NAM,781/GP-BTTTT,https://www.phuongnamedu.vn,Đang hoạt động,https://giayphep.abei.gov.vn/s/131389
Mạng Xã Hội,,CÔNG TY TNHH TRUYỀN THÔNG KINH TẾ - XÃ HỘI,764/GP-BTTTT,https://www.khatvongcs.vn,Đang hoạt động,https://giayphep.abei.gov.vn/s/131387
Mạng Xã Hội,,CÔNG TY TNHH TRUYỀN THÔNG KINH TẾ - XÃ HỘI,763/GP-BTTTT,https://www.vedepcs.vn,Ngừng hoạt động,https://giayphep.abei.gov.vn/s/128171
Mạng Xã Hội,,CÔNG TY CỔ PHẦN VME,711/GP-BTTTT,https://www.gaka.vn,Đang hoạt động,https://giayphep.abei.gov.vn/s/130719
Mạng Xã Hội,,CÔNG TY TNHH DIGITAL POWER MEDIA,712/GP-BTTTT,https://www.chichchoe.vn,Đang hoạt động,https://giayphep.abei.gov.vn/s/131370
Mạng Xã Hội,,CÔNG TY TNHH TIN TỨC TRUYỀN THÔNG VNN,680/GP-BTTTT,https://www.truyenthongvnn.vn,Đang hoạt động,https://giayphep.abei.gov.vn/s/130199
Mạng Xã Hội,,CÔNG TY CỔ PHẦN TRUYỀN THÔNG VÀ CÔNG NGHỆ BIDATA,677/GP-BTTTT,https://www.bidata.vn,Đang hoạt động,https://giayphep.abei.gov.vn/s/129574
Mạng Xã Hội,,CÔNG TY CỔ PHẦN MẠNG TRỰC TUYẾN META,582/GP-BTTTT,https://www.hoatieu.vn,Đang hoạt động,https://giayphep.abei.gov.vn/s/130625
Mạng Xã Hội,,TẠP CHÍ KIỂM SÁT,585/GP-BTTTT,https://www.kiemsat24h.vn,Đang hoạt động,https://giayphep.abei.gov.vn/s/127996
Mạng Xã Hội,,CÔNG TY CỔ PHẦN JOBSGO,568/GP-BTTTT,https://www.jobsgo.vn,Đang hoạt động,https://giayphep.abei.gov.vn/s/129882
Mạng Xã Hội,,CÔNG TY CỔ PHẦN TOPENLAND VIỆT NAM,565/GP-BTTTT,https://www.topenland.vn,Đang hoạt động,https://giayphep.abei.gov.vn/s/129722
Mạng Xã Hội,,CÔNG TY TNHH CÔNG NGHỆ GIA ĐÌNH,557/GP-BTTTT,https://www.fbang.vn,Ngừng hoạt động,https://giayphep.abei.gov.vn/s/130687
Mạng Xã Hội,www.download.vn,CÔNG TY CỔ PHẦN MẠNG TRỰC TUYẾN META,569/GP-BTTTT,https://www.download.vn,Đang hoạt động,https://giayphep.abei.gov.vn/s/129534
Mạng Xã Hội,,CÔNG TY CỔ PHẦN TƯ VẤN VÀ ĐẦU TƯ AN PHƯƠNG HÚC,558/GP-BTTTT,https://www.legalguru.vn,Đang hoạt động,https://giayphep.abei.gov.vn/s/130701
Mạng Xã Hội,,CÔNG TY CỔ PHẦN ĐẦU TƯ VZONE GLOBAL,556/GP-BTTTT,https://www.vdiarybook.vn,Đang hoạt động,https://giayphep.abei.gov.vn/s/130889
Mạng Xã Hội,,CÔNG TY CỔ PHẦN TRỤC TUYẾN META,570/GP-BTTTT,https://www.meta.vn,Đang hoạt động,https://giayphep.abei.gov.vn/s/130545
Mạng Xã Hội,,CÔNG TY CỔ PHẦN DỊCH VỤ TRỰC TUYẾN AFK,564/GP-BTTTT,https://www.afkmobi.vn,Đang hoạt động,https://giayphep.abei.gov.vn/s/128906
Mạng Xã Hội,,CÔNG TY CỔ PHẦN CÔNG NGHỆ FIRST AI,539/GP-BTTTT,https://www.hay1.vn,Ngừng hoạt động,https://giayphep.abei.gov.vn/s/129690
Mạng Xã Hội,,CÔNG TY CỔ PHẦN GIÁO DỤC TÍCH HỢP TOÀN CẦU,524/GP-BTTTT,https://www.tuyensinh24h.vn,Đang hoạt động,https://giayphep.abei.gov.vn/s/131228
Mạng Xã Hội,,CÔNG TY CỔ PHẦN THE A LIST VIỆT NAM,487/GP-BTTTT,https://www.theinfluencer.vn,Đang hoạt động,https://giayphep.abei.gov.vn/s/131284
Mạng Xã Hội,,CÔNG TY CỔ PHẦN GIẢI TRÍ FREEDOM MIND,488/GP-BTTTT,https://www.singlemom.net.vn,Đang hoạt động,https://giayphep.abei.gov.vn/s/130892
Mạng Xã Hội,,CÔNG TY VTC CÔNG NGHỆ VÀ NỘI DUNG SỐ,473/GP-BTTTT,https://www.checkinvn.vn,Đang hoạt động,https://giayphep.abei.gov.vn/s/130816
Mạng Xã Hội,,CÔNG TY CỔ PHẦN VME,469/GP-BTTTT,https://www.games360.vn,Ngừng hoạt động,https://giayphep.abei.gov.vn/s/131297
Mạng Xã Hội,,CÔNG TY VTC CÔNG NGHỆ VÀ NỘI DUNG SỐ,464/GP-BTTTT,https://www.we25.vn; www.higenz.vn,Đang hoạt động,https://giayphep.abei.gov.vn/s/127659
Mạng Xã Hội,,CÔNG TY CỔ PHẦN CÔNG NGHỆ TK 25,468/GP-BTTTT,https://www.muagannha.vn,Đang hoạt động,https://giayphep.abei.gov.vn/s/130882
Mạng Xã Hội,,CÔNG TY TNHH MTV THUỐC THÚ Y VÀ CHẾ PHẨM SINH HỌC VEMEDIM,467/GP-BTTTT,https://www.docabi.vn,Đang hoạt động,https://giayphep.abei.gov.vn/s/130820
Mạng Xã Hội,,CÔNG TY TNHH THƯƠNG MẠI VÀ DỊCH VỤ KỸ THUẬT DIỆU PHÚC,447/GP-BTTTT,https://www.cellphones.com.vn,Đang hoạt động,https://giayphep.abei.gov.vn/s/127706
Mạng Xã Hội,,CÔNG TY CỔ PHẦN CÔNG NGHỆ TRUYỀN THÔNG TÂN PHONG,444/GP-BTTTT,https://www.alobook.vn,Đang hoạt động,https://giayphep.abei.gov.vn/s/130585
Mạng Xã Hội,,CÔNG TY CỔ PHẦN PHÁT TRIỂN ỨNG DỤNG DI ĐỘNG SÁNG TẠO HỮU ÍCH,435/GP-BTTTT,https://www.vnduca.com.vn và www.duca.vn,Đang hoạt động,https://giayphep.abei.gov.vn/s/131374
Mạng Xã Hội,,CÔNG TY CỔ PHẦN WHATCAR,419/GP-BTTTT,https://www.whatcar.vn,Đang hoạt động,https://giayphep.abei.gov.vn/s/127978
Mạng Xã Hội,,CÔNG TY CỔ PHẦN CÔNG NGHỆ TÀI CHÍNH ENCAPITAL,417/GP-BTTTT,https://wwwbovagau.vn,Đang hoạt động,https://giayphep.abei.gov.vn/s/128033
Mạng Xã Hội,,CÔNG TY CỔ PHẦN PHÁT TRIỂN TRUYỀN THÔNG NGÔI SAO MỚI,420/GP-BTTTT,https://www.mangbatdongsan.vn.,Đang hoạt động,https://giayphep.abei.gov.vn/s/131376
Mạng Xã Hội,,CÔNG TY CỔ PHẦN TRUYỀN THÔNG ĐỒNG HÀNH CÙNG BẠN ĐỌC,401/GP-BTTTT,https://www.diendandonghanh.vn,Đang hoạt động,https://giayphep.abei.gov.vn/s/130738
Mạng Xã Hội,,TỔNG CÔNG TY VIỄN THÔNG VIETTEL,393/GP-BTTTT,https://www.viettel.vn,Đang hoạt động,https://giayphep.abei.gov.vn/s/129519
Mạng Xã Hội,,CÔNG TY TNHH MTV SANTA,394/GP-BTTTT,https://www.vieclamnhamay.vn,Đang hoạt động,https://giayphep.abei.gov.vn/s/129048
Mạng Xã Hội,,CÔNG TY TNHH DỊCH VỤ PHẦN MỀM THIÊN BÌNH,396/GP-BTTTT,https://www.booyah.vn,Đang hoạt động,https://giayphep.abei.gov.vn/s/130550
Mạng Xã Hội,,CÔNG TY CỔ PHẦN IONNET,395/GP-BTTTT,https://www.gotomarket.vn,Đang hoạt động,https://giayphep.abei.gov.vn/s/129802
Mạng Xã Hội,,CÔNG TY TNHH MTV SANTA,394/GP-BTTTT,https://www.vieclamnhamay.vn,Đang hoạt động,https://giayphep.abei.gov.vn/s/128495
Mạng Xã Hội,,CÔNG TY CỔ PHẦN HELLOJOB,349/GP-BTTTT,https://www.hellojob.vn,Đang hoạt động,https://giayphep.abei.gov.vn/s/130879
Mạng Xã Hội,,CÔNG TY CỔ PHẦN WHITE SHARK,345/GP-BTTTT,https://www.lag.com.vn,Ngừng hoạt động,https://giayphep.abei.gov.vn/s/129764
Mạng Xã Hội,,CÔNG TY TNHH TƯ VẤN VÀ TRUYỀN THÔNG MHH,346/GP-BTTTT,https://www.truyenthongplus.vn,Đang hoạt động,https://giayphep.abei.gov.vn/s/129159
Mạng Xã Hội,,CÔNG TY CỔ PHẦN TRUYỀN THÔNG NEWS VIỆT NAM,418/GP-BTTTT,https://www.noitoisong.vn,Đang hoạt động,https://giayphep.abei.gov.vn/s/130704
Mạng Xã Hội,,CÔNG TY TNHH TRUYỀN THÔNG ĐA PHƯƠNG TIỆN DIGIMOVE,330/GP-BTTTT,https://www.vnreport.vn,Đang hoạt động,https://giayphep.abei.gov.vn/s/130773
Mạng Xã Hội,,CÔNG TY TNHH PROFIN,329/GP-BTTTT,https://www.profin.vn,Đang hoạt động,https://giayphep.abei.gov.vn/s/130671
Mạng Xã Hội,,CÔNG TY CỔ PHẦN INVESTING VIỆT NAM,324/GP-BTTTT,https://www.vffi.vn,Đang hoạt động,https://giayphep.abei.gov.vn/s/129475
Mạng Xã Hội,,CÔNG TY CỔ PHẦN DOANH NGHIỆP XÃ HỘI FOOD SHARE,304/GP-BTTTT,https://www.foodshare.vn,Ngừng hoạt động,https://giayphep.abei.gov.vn/s/130670
Mạng Xã Hội,,CÔNG TY CỔ PHẦN CÔNG NGHỆ QUỐC TẾ MH SOLUTION,305/GP-BTTTT,https://www.noron.vn,Đang hoạt động,https://giayphep.abei.gov.vn/s/128073
Mạng Xã Hội,,CÔNG TY CỔ PHẦN ICT LIFE,292/GP-BTTTT,https://www.ictlife.vn,Đang hoạt động,https://giayphep.abei.gov.vn/s/129129
Mạng Xã Hội,,CÔNG TY CỔ PHẦN TRUYỀN THÔNG NGÔI SAO XANH VIỆT NAM,284/GP-BTTTT,https://www.cudannet.vn,Đang hoạt động,https://giayphep.abei.gov.vn/s/130691
Mạng Xã Hội,,CÔNG TY CỔ PHẦN UTO TECHNOLOGY,288/GP-BTTTT,https://www.jgooooo.vn,Đang hoạt động,https://giayphep.abei.gov.vn/s/129493
Mạng Xã Hội,,CÔNG TY TNHH ĐẦU TƯ VÀ PHÁT TRIỂN THƯƠNG MẠI TUẤN TÚ,285/GP-BTTTT,https://www.coinguon.vn,Đang hoạt động,https://giayphep.abei.gov.vn/s/128089
Mạng Xã Hội,,CÔNG TY TNHH TRANG SAO,279/GP-BTTTT,https://www.sspotlight.vn,Đang hoạt động,https://giayphep.abei.gov.vn/s/130924
Mạng Xã Hội,,CÔNG TY TNHH UTREND,278/GP-BTTTT,https://www.utrend.vn,Đang hoạt động,https://giayphep.abei.gov.vn/s/128838
Mạng Xã Hội,,CÔNG TY CỔ PHẦN PERFIN,254/GP-BTTTT,https://www.seeme.vn,Đang hoạt động,https://giayphep.abei.gov.vn/s/127986
Mạng Xã Hội,,CÔNG TY CỔ PHẦN VIN3S,253/GP-BTTTT,https://www.vinpearl.info.vn; www.vinpearl.com,Đang hoạt động,https://giayphep.abei.gov.vn/s/130716
Mạng Xã Hội,,CÔNG TY TNHH BCTC,251/GP-BTTTT,https://www.congdongketoan.vn,Đang hoạt động,https://giayphep.abei.gov.vn/s/128687
Mạng Xã Hội,,CÔNG TY CỔ PHẦN QUẢN LÝ ĐẦU TƯ STC,250/GP-BTTTT,https://www.froms.vn,Đang hoạt động,https://giayphep.abei.gov.vn/s/131394
Mạng Xã Hội,,CÔNG TY CỔ PHẦN CÔNG NGHỆ KHANG PHÚC,252/GP-BTTTT,http://welearning.com.vn; http://welearning.edu.vn,Đang hoạt động,https://giayphep.abei.gov.vn/s/131232
Mạng Xã Hội,,CÔNG TY TNHH QUẢNG CÁO NAM BÌNH,231/GP-BTTTT,https://www.hifivn.vn,Đang hoạt động,https://giayphep.abei.gov.vn/s/131393
Mạng Xã Hội,,CÔNG TY TNHH TẬP ĐOÀN CÔNG MẶT TRỜI,230/GP-BTTTT,https://www.food.com.vn; www.smileday.vn; www.ecook.vn,Đang hoạt động,https://giayphep.abei.gov.vn/s/128173
Mạng Xã Hội,,CÔNG TY TNHH TRUYỀN THÔNG VÀ GIẢI TRÍ EMERALD,229/GP-BTTTT,https://www.colorfullife.vn,Đang hoạt động,https://giayphep.abei.gov.vn/s/130731
Mạng Xã Hội,,CÔNG TY TNHH ĐẦU TƯ VÀ PHÁT TRIỂN ĐẠI ĐỨC VIỆT,216/GP-BTTTT,https://www.findfriendslike.vn,Đang hoạt động,https://giayphep.abei.gov.vn/s/128357
Mạng Xã Hội,,CÔNG TY CỔ PHẦN TECHNOLOGY CONVERGENCE CORPORATION,190/GP-BTTTT,https://www.netalo.vn và www.galo.,Đang hoạt động,https://giayphep.abei.gov.vn/s/130733
Mạng Xã Hội,,CÔNG TY CỔ PHẦN ĐẦU TƯ VÀ PHÁT TRIỂN CÔNG NGHỆ TRUYỀN THÔNG NAM VIỆT,195/GP-BTTTT,https://www.vtvtravel.vn,Đang hoạt động,https://giayphep.abei.gov.vn/s/128071
Mạng Xã Hội,,CÔNG TY TNHH VIETNAM TO TRAVEL,180/GP-BTTTT,https://www.vietnamtotravel.vn,Đang hoạt động,https://giayphep.abei.gov.vn/s/131388
Mạng Xã Hội,,CÔNG TY CỔ PHẦN BOOKING KOL,182/GP-BTTTT,https://www.bookingkol.com.vn,Đang hoạt động,https://giayphep.abei.gov.vn/s/129630
Mạng Xã Hội,,CÔNG TY CỔ PHẦN THẾ GIỚI PHƯƠNG TIỆN,181/GP-BTTTT,https://www.thegioiphuongtien.vn,Đang hoạt động,https://giayphep.abei.gov.vn/s/130245
Mạng Xã Hội,,CÔNG TY TNHH ALIVE,173/GP-BTTTT,https://www.alive.vn,Đang hoạt động,https://giayphep.abei.gov.vn/s/130509
Mạng Xã Hội,,CÔNG TY CỔ PHẦN SMART MARKETING COMMUNICATION,165/GP-BTTTT,https://www.bizedge.vn,Đang hoạt động,https://giayphep.abei.gov.vn/s/131390
Mạng Xã Hội,,CÔNG TY CỔ PHẦN CÔNG NGHỆ TRUYỀN THÔNG XMEDIA,163/GP-BTTTT,https://www.xemlien.vn,Đang hoạt động,https://giayphep.abei.gov.vn/s/130354
Mạng Xã Hội,,CÔNG TY CỔ PHẦN CÔNG NGHỆ GIÁO DỤC TTK VIỆT NAM,159/GP-BTTTT,https://www.mclass.vn,Đang hoạt động,https://giayphep.abei.gov.vn/s/129696
Mạng Xã Hội,,TẠP CHÍ KINH TẾ MÔI TRƯỜNG,151/GP-BTTTT,https://www.vngreen.vn,Đang hoạt động,https://giayphep.abei.gov.vn/s/129919
Mạng Xã Hội,,CÔNG TY CỔ PHẦN TƯ VẤN VÀ GIẢI PHÁP BẤT ĐỘNG SẢN VNHOMES,122/GP-BTTTT,https://www.badosa.vn,Đang hoạt động,https://giayphep.abei.gov.vn/s/130575
Mạng Xã Hội,,CÔNG TY TNHH TRUYỀN THÔNG PHÁP LUẬT THỊ TRƯỜNG,123/GP-BTTTT,https://www.diendansongkhoe.vn; www.diendansacdep.vn,Đang hoạt động,https://giayphep.abei.gov.vn/s/129801
Mạng Xã Hội,,CÔNG TY TNHH TRUYỀN THÔNG GIẢI TRÍ TRANG KIM,95/GP-BTTTT,https://www.sayyoudo.vn,Đang hoạt động,https://giayphep.abei.gov.vn/s/130706
Mạng Xã Hội,,CÔNG TY CỔ PHẦN NGUỒN LỰC CỘNG ĐỒNG,107/GP-BTTTT,https://www.webketoan.net.vn,Đang hoạt động,https://giayphep.abei.gov.vn/s/130582
Mạng Xã Hội,,CÔNG TY TNHH GREEN CYBER VIỆT NAM,104/GP-BTTTT,https://www.bungbinh.vn,Đang hoạt động,https://giayphep.abei.gov.vn/s/130334
Mạng Xã Hội,,CÔNG TY CỔ PHẦN TRUYỀN THÔNG SỐNG ĐẸP,93/GP-BTTTT,https://www.songdep.com.vn,Đang hoạt động,https://giayphep.abei.gov.vn/s/130626
Mạng Xã Hội,,CÔNG TY CỔ PHẦN TRUYỀN THÔNG DOANH NHÂN SÀI GÒN 247,111/GP-BTTTT,https://www.dnvn247.com.vn,Đang hoạt động,https://giayphep.abei.gov.vn/s/131271
Mạng Xã Hội,,CÔNG TY CỔ PHẦN PHÁT TRIỂN TRUYỀN THÔNG NGÔI SAO MỚI,108/GP-BTTTT,https://www.vnf.info.vn,Đang hoạt động,https://giayphep.abei.gov.vn/s/127960
Mạng Xã Hội,,CÔNG TY CỔ PHẦN NGHE NHÌN TOÀN CẦU,103/GP-BTTTT,https://www.avgplus.vn,Đang hoạt động,https://giayphep.abei.gov.vn/s/128841
Mạng Xã Hội,,CÔNG TY TNHH PHÁT TRIỂN THƯƠNG MẠI TRUYỀN THÔNG BTE,82/GP-BTTTT,https://www.nguoitrongcay.vn,Đang hoạt động,https://giayphep.abei.gov.vn/s/130650
Mạng Xã Hội,,CÔNG TY TNHH PHÁT TRIỂN THƯƠNG MẠI TRUYỀN THÔNG BTE,81/GP-BTTTT,https://www.lamnghiep.vn,Đang hoạt động,https://giayphep.abei.gov.vn/s/130381
Mạng Xã Hội,,CÔNG TY TNHH TRUYỀN THÔNG THƯƠNG HIỆU MỚI,61/GP-BTTTT,https://www.etoday.vn,Đang hoạt động,https://giayphep.abei.gov.vn/s/131046
Mạng Xã Hội,,CÔNG TY CỔ PHẦN TECHNOLOGY CONVERGENCE CORPORATION,67/GP-BTTTT,https://www.netaplay.vn; www.netaplay.com.vn,Đang hoạt động,https://giayphep.abei.gov.vn/s/130798
Mạng Xã Hội,,CÔNG TY TNHH VIETCETERA,69/GP-BTTTT,https://www.vietcetera.vn; www.vietcetera.com.vn,Đang hoạt động,https://giayphep.abei.gov.vn/s/130885
Mạng Xã Hội,,CÔNG TY CỔ PHẦN TẬP ĐOÀN MCV,59/GP-BTTTT,https://www.netlove.com.vn,Đang hoạt động,https://giayphep.abei.gov.vn/s/130801
Mạng Xã Hội,,CÔNG TY TNHH TRUYỀN THÔNG VÀ GIẢI TRÍ WATERBEAR,56/GP-BTTTT,https://www.queen88.vn,Đang hoạt động,https://giayphep.abei.gov.vn/s/129681
Mạng Xã Hội,,CÔNG TY TNHH DỊCH VỤ VÀ CÔNG NGHỆ TRUYỀN THÔNG A,55/GP-BTTTT,"https://www.techbiz.vn, www.hdvietnam.com",Đang hoạt động,https://giayphep.abei.gov.vn/s/130632
Mạng Xã Hội,,CÔNG TY CỔ PHẦN PHÁT TRIỂN CÔNG NGHỆ HOÀN CẦU,53/GP-BTTTT,https://www.foxlive.vn,Đang hoạt động,https://giayphep.abei.gov.vn/s/130838
Mạng Xã Hội,,CÔNG TY TNHH KHOA HỌC VÀ CÔNG NGHỆ ABOTA,54/GP-BTTTT,"https://www.vchixe.vn, www.vehixe.com",Đang hoạt động,https://giayphep.abei.gov.vn/s/131044
Mạng Xã Hội,,CÔNG TY CỔ PHẦN MAXGROUP,51/GP-BTTTT,https://www.qtcs.com.vn,Đang hoạt động,https://giayphep.abei.gov.vn/s/130766
Mạng Xã Hội,,CÔNG TY CỔ PHẦN NGHỆ THUẬT GIẢI TRÍ HOA DƯƠNG,52/GP-BTTTT,https://www.giaitrihd.vn,Đang hoạt động,https://giayphep.abei.gov.vn/s/128956
Mạng Xã Hội,,CÔNG TY CỔ PHẦN CELEBE VIỆT NAM,45/GP-BTTTT,https://www.celebe.vn,Đang hoạt động,https://giayphep.abei.gov.vn/s/129769
Mạng Xã Hội,,CÔNG TY CỔ PHẦN SỰ KIỆN BẾN THÀNH,40/GP-BTTTT,https://www.vinabull.vn,Đang hoạt động,https://giayphep.abei.gov.vn/s/131277
Mạng Xã Hội,,CÔNG TY CỔ PHẦN VIETNAM NEW LIFESTYLE INCUBATION,38/GP-BTTTT,https://www.mgn.vn,Đang hoạt động,https://giayphep.abei.gov.vn/s/130729
Mạng Xã Hội,,CÔNG TY CỔ PHẦN FCORP,29/GP-BTTTT,https://www.f247.vn,Ngừng hoạt động,https://giayphep.abei.gov.vn/s/130696
Mạng Xã Hội,,CÔNG TY TNHH FOODBOOK.VN,28/GP-BTTTT,https://www.fishvietnam.vn,Đang hoạt động,https://giayphep.abei.gov.vn/s/130829
Mạng Xã Hội,,CÔNG TY CỔ PHẦN THƯƠNG MẠI BÁCH HÓA XANH,20/GP-BTTTT,https://www.bachhoaxanh.com; www.bachhoaxanh.vn,Đang hoạt động,https://giayphep.abei.gov.vn/s/130771
Mạng Xã Hội,,CÔNG TY CỔ PHẦN GIẢI PHÁP CÔNG NGHỆ ZOOM VIỆT NAM,22/GP-BTTTT,https://www.trip.vn,Đang hoạt động,https://giayphep.abei.gov.vn/s/131267
Mạng Xã Hội,,CÔNG TY CỔ PHẦN EMSO VIỆT NAM,11/GP-BTTTT,https://www.emso.vn,Đang hoạt động,https://giayphep.abei.gov.vn/s/130212
Mạng Xã Hội,,CÔNG TY TNHH FEEDIN,23/GP-BTTTT,https://www.feedin.vn,Đang hoạt động,https://giayphep.abei.gov.vn/s/130581
Mạng Xã Hội,,CÔNG TY CỔ PHẦN CÔNG NGHỆ TECHLAB,19/GP-BTTTT,https://www.weeboo.vn,Đang hoạt động,https://giayphep.abei.gov.vn/s/130189
Mạng Xã Hội,,CÔNG TY CỔ PHẦN THẾ GIỚI DI ĐỘNG,21/GP-BTTTT,https://wwwdienmayxanh.com; wwwdienmayxanh.vn,Đang hoạt động,https://giayphep.abei.gov.vn/s/131039
Mạng Xã Hội,,CÔNG TY CỔ PHẦN MEDIA HỒNG ĐỨC,09/GP-BTTTT,https://www.chuyen4phuong.vn,Đang hoạt động,https://giayphep.abei.gov.vn/s/129767
Mạng Xã Hội,,TẠP CHÍ MỸ THUẬT ỨNG DỤNG,639/GP-BTTTT,https://www.2dep.vn,Ngừng hoạt động,https://giayphep.abei.gov.vn/s/128883
Mạng Xã Hội,,CÔNG TY CỔ PHẦN GIÁO DỤC HỌC 247,638/GP-BTTTT,https://www.hoc247.vn; www.hoc247.net,Đang hoạt động,https://giayphep.abei.gov.vn/s/128501
Mạng Xã Hội,,CÔNG TY TNHH VNG ONLINE,626/GP-BTTTT,https://www.nhatkyzalo.vn,Ngừng hoạt động,https://giayphep.abei.gov.vn/s/127923
Mạng Xã Hội,,CÔNG TY TNHH TRUYỀN THÔNG 14,618/GP-BTTTT,https://www.truyenthong14.vn,Đang hoạt động,https://giayphep.abei.gov.vn/s/128403
Mạng Xã Hội,,CÔNG TY CỔ PHẦN ONEID,614/GP-BTTTT,https://www.vinid.vn,Ngừng hoạt động,https://giayphep.abei.gov.vn/s/131115
Mạng Xã Hội,,CÔNG TY TNHH 1 BA NĂM BẢY,615/GP-BTTTT,https://www.comewithme.vn,Đang hoạt động,https://giayphep.abei.gov.vn/s/130087
Mạng Xã Hội,,CÔNG TY CỔ PHẦN TẬP ĐOÀN CGH,616/GP-BTTTT,https://www.songhi.vn,Đang hoạt động,https://giayphep.abei.gov.vn/s/131125
Mạng Xã Hội,,CÔNG TY CỔ PHẦN TECHNOLOGY CONVERGENCE  CORPORATION,601/GP-BTTTT,https://www.netalo.vn,Ngừng hoạt động,https://giayphep.abei.gov.vn/s/128975
Mạng Xã Hội,,CÔNG TY CỔ PHẦN QUẢNG CÁO TRỰC TUYẾN 24H,589 /GP-BTTTT,https://www.may.vn và www.may.com.vn,Đang hoạt động,https://giayphep.abei.gov.vn/s/130762
Mạng Xã Hội,,CÔNG TY CỔ PHẦN EGO MEDIA,572/GP-BTTTT,https://www.egoplay.vn,Đang hoạt động,https://giayphep.abei.gov.vn/s/129154
Mạng Xã Hội,,CÔNG TY TNHH TRUYỀN THÔNG THỂ THAO IGC,567/GP-BTTTT,"https://www.alothethao.vn, www.alothethao.com.vn",Đang hoạt động,https://giayphep.abei.gov.vn/s/131161
Mạng Xã Hội,,CÔNG TY CỔ PHẦN TRUYỀN HÌNH TRỰC TUYẾN VIỆT NAM KẾT NỐI TOÀN CẦU GCTV,565/GP-BTTTT,https://www.thegioisao.net.vn,Đang hoạt động,https://giayphep.abei.gov.vn/s/128154
Mạng Xã Hội,,CÔNG TY CỔ PHẦN ĐẦU TƯ BẤT ĐỘNG SẢN HOÀNG LÂM,566/GP-BTTTT,https://www.toancanhbatdongsan.com.vn,Đang hoạt động,https://giayphep.abei.gov.vn/s/130662
Mạng Xã Hội,,CÔNG TY CỔ PHẦN ĐẦU TƯ XÂY DỰNG ALTIC THẮNG LỆ,548/GP-BTTTT,https://www.starbeauty.com.vn,Đang hoạt động,https://giayphep.abei.gov.vn/s/127806
Mạng Xã Hội,,CÔNG TY CỔ PHẦN CÔNG NGHỆ GIÁO DỤC THIÊN HÀ XANH,549/GP-BTTTT,https://www.wewiin.vn; www.wewiin.com,Đang hoạt động,https://giayphep.abei.gov.vn/s/131348
Mạng Xã Hội,,CÔNG TY CỔ PHẦN QUẢNG CÁO PHÁT HÀNH DOANH NHÂN,547/GP-BTTTT,https://www.Vnb.com.vn,Đang hoạt động,https://giayphep.abei.gov.vn/s/129082
Mạng Xã Hội,,CÔNG TY CỔ PHẦN THƯƠNG HIỆU VIỆT NAM,546/GP-BTTTT,https://www.vnbrands.vn,Đang hoạt động,https://giayphep.abei.gov.vn/s/131086
Mạng Xã Hội,,CÔNG TY TNHH TRUYỀN THÔNG VÀ QUẢNG CÁO ĐỊA ĐIỂM VIỆT,544/GP-BTTTT,https://www.click49.net.vn; www.click49.net,Đang hoạt động,https://giayphep.abei.gov.vn/s/130203
Mạng Xã Hội,,CÔNG TY TNHH NHỊP SỐNG ĐA PHƯƠNG TIỆN,542/GP-BTTTT,https://www.eranet.vn,Đang hoạt động,https://giayphep.abei.gov.vn/s/129126
Mạng Xã Hội,,CÔNG TY TNHH PHÁT TRIỂN THƯƠNG MẠI TRUYỀN THÔNG BTE,545/GP-BTTTT,https://www.buttre.vn,Đang hoạt động,https://giayphep.abei.gov.vn/s/128724
Mạng Xã Hội,,CÔNG TY CỔ PHẦN ĐẦU TƯ PHÁT TRIỂN NỤ CƯỜI VIỆT,543/GP-BTTTT,https://www.vietsmile.vn,Đang hoạt động,https://giayphep.abei.gov.vn/s/128069
Mạng Xã Hội,,CÔNG TY TNHH DỊCH VỤ TRUYỀN THÔNG BÌNH MINH,540/GP-BTTTT,https://www.xaitien.vn,Đang hoạt động,https://giayphep.abei.gov.vn/s/130083
Mạng Xã Hội,,CÔNG TY CỔ PHẦN DỊCH VỤ VÀ TRUYỀN THÔNG NAM VIỆT,529/GP-BTTTT,https://www.muvi.vn,Đang hoạt động,https://giayphep.abei.gov.vn/s/130019
Mạng Xã Hội,,CÔNG TY TNHH RIVICO,528/GP-BTTTT,https://www.riviu.vn,Đang hoạt động,https://giayphep.abei.gov.vn/s/127886
Mạng Xã Hội,,CÔNG TY TNHH PHÁT TRIỂN TRUYỀN THÔNG TRUYỀN HÌNH VIỆT NAM,530/GP-BTTTT,https://www.mangxahoiviet.vn,Đang hoạt động,https://giayphep.abei.gov.vn/s/128064
Mạng Xã Hội,,CÔNG TY CỔ PHẦN CLICK VIỆT NAM,527/GP-BTTTT,https://www.clickvn.vn,Đang hoạt động,https://giayphep.abei.gov.vn/s/129952
Mạng Xã Hội,,CÔNG TY CỔ PHẦN VDC ONLINE,531/GP-BTTTT,https://www.mgame.com.vn,Đang hoạt động,https://giayphep.abei.gov.vn/s/130060
Mạng Xã Hội,,CÔNG TY CỔ PHẦN CÔNG NGHỆ TECHLAB,517/GP-BTTTT,https://www.tune.vn,Đang hoạt động,https://giayphep.abei.gov.vn/s/130718
Mạng Xã Hội,,CÔNG TY CỔ PHẦN CÔNG NGHỆ TECHLAB,516/GP-BTTTT,https://www.funtoon.vn,Ngừng hoạt động,https://giayphep.abei.gov.vn/s/127944
Mạng Xã Hội,,CÔNG TY CỔ PHẦN CÔNG NGHỆ FIALDA,499/GP-BTTTT,https://www.fialda.vn,Đang hoạt động,https://giayphep.abei.gov.vn/s/130805
Mạng Xã Hội,,CÔNG TY CỔ PHẦN ĐẦU TƯ CÔNG NGHỆ SMART VIỆT NAM,473/GP-BTTTT,https://www.smartf.vn,Ngừng hoạt động,https://giayphep.abei.gov.vn/s/127899
Mạng Xã Hội,,CÔNG TY CỔ PHẦN LÊ HOÀNG HÀ NỘI,472/GP-BTTTT,https://www.top-10.vn,Đang hoạt động,https://giayphep.abei.gov.vn/s/129050
Mạng Xã Hội,,CÔNG TY TNHH CÔNG NGHỆ MẠNG THÔNG TIN VIỆT NAM,462/GP-BTTTT,https://ilikee.vn; ilikee.net; ilikepub.com; ilikepub.net,Đang hoạt động,https://giayphep.abei.gov.vn/s/128417
Mạng Xã Hội,,CÔNG TY TNHH CÔNG NGHỆ TRUYỀN THÔNG TEHAND VIỆT NAM,461/GP-BTTTT,https://www.choiphui.vn,Đang hoạt động,https://giayphep.abei.gov.vn/s/129411
Mạng Xã Hội,,CÔNG TY TNHH KONEC,453/GP-BTTTT,https://www.mangatoon.vn,Đang hoạt động,https://giayphep.abei.gov.vn/s/130396
Mạng Xã Hội,,CÔNG TY TNHH THƯƠNG MẠI SUNFLOWER,454/GP-BTTTT,https://www.kilala.vn,Đang hoạt động,https://giayphep.abei.gov.vn/s/127907
Mạng Xã Hội,,CÔNG TY TNHH ĐẦU TƯ PHÁT TRIỂN DỊCH VỤ GIA LỘC,448/GP-BTTTT,https://www.vietbuildforum.vn,Đang hoạt động,https://giayphep.abei.gov.vn/s/127931
Mạng Xã Hội,,CÔNG TY TNHH ĐẦU TƯ VÀ CÔNG NGHỆ T2,447/GP-BTTTT,https://www.stup.vn,Đang hoạt động,https://giayphep.abei.gov.vn/s/129250
Mạng Xã Hội,,CÔNG TY TNHH DU LỊCH RECREATION VIỆT NAM,446/GP-BTTTT,https://www.dulichvn.net.vn,Đang hoạt động,https://giayphep.abei.gov.vn/s/129938
Mạng Xã Hội,,CÔNG TY TNHH ĐẦU TƯ PHÁT TRIỂN DỊCH VỤ GIA LỘC,435/GP-BTTTT,https://www.vietnamtravellife.vn,Đang hoạt động,https://giayphep.abei.gov.vn/s/129222
Mạng Xã Hội,,CÔNG TY CỔ PHẦN TRUYỀN THÔNG DOANH NHÂN VÀ XÃ HỘI,431/GP-BTTTT,https://www.bestlife.net.vn,Đang hoạt động,https://giayphep.abei.gov.vn/s/131391
Mạng Xã Hội,,TỔNG CÔNG TY VIỄN THÔNG VIETTEL,432/GP-BTTT,https://www.mygame.vn,Đang hoạt động,https://giayphep.abei.gov.vn/s/130540
Mạng Xã Hội,,CÔNG TY CỔ PHẦN WETAPS,428/GP-BTTTT,https://www.2game.vn,Đang hoạt động,https://giayphep.abei.gov.vn/s/128828
Mạng Xã Hội,,CÔNG TY TNHH THẾ GIỚI DOANH NHÂN VIETTOP,433/GP-BTTTT,https://www.ceotoancau.vn,Đang hoạt động,https://giayphep.abei.gov.vn/s/130693
Mạng Xã Hội,,CÔNG TY CỔ PHẦN TRUYỀN THÔNG IMBEE,414/GP-BTTTT,http://bimatchomsao.com.vn,Đang hoạt động,https://giayphep.abei.gov.vn/s/129310
Mạng Xã Hội,,CÔNG TY CỔ PHẦN TRUYỀN THÔNG IMBEE,416/GP-BTTTT,http://joylada.vn,Đang hoạt động,https://giayphep.abei.gov.vn/s/130431
Mạng Xã Hội,,CÔNG TY CỔ PHẦN TRUYÊN THÔNG IMBEE,415/GP-BTTTT,http://truyenweb.vn,Đang hoạt động,https://giayphep.abei.gov.vn/s/127904
Mạng Xã Hội,,CÔNG TY CỔ PHẦN TRUYỀN THÔNG IMBEE,413/GP-BTTTT,http://buddyrewiew.vn,Đang hoạt động,https://giayphep.abei.gov.vn/s/131123
Mạng Xã Hội,,CÔNG TY CỔ PHẦN VANO,409/GP-BTTTT,https://www.khogiaitri.vn,Đang hoạt động,https://giayphep.abei.gov.vn/s/127668
Mạng Xã Hội,,CÔNG TY CỔ PHẦN GIÁO DỤC VÀ ĐÀO TẠO A0,406/GP-BTTTT,https://www.zone360.vn,Đang hoạt động,https://giayphep.abei.gov.vn/s/129937
Mạng Xã Hội,,CÔNG TY CỔ PHẦN CÔNG NGHỆ THÔNG TIN VÀ GIẢI PHÁP DI ĐỘNG,407/GP-BTTTT,https://www.imos.vn,Đang hoạt động,https://giayphep.abei.gov.vn/s/130786
Mạng Xã Hội,,CÔNG TY TNHH XÚC TIẾN ĐẦU TƯ VÀ TƯ VẤN BẤT ĐỘNG SẢN SÀI GÒN,400/GP-BTTTT,https://www.vietnambeauty.com.vn,Đang hoạt động,https://giayphep.abei.gov.vn/s/127766
Mạng Xã Hội,,CÔNG TY CỔ PHẦN JOMBOJOY TECHNOLOGY,399/GP-BTTTT,https://www.ihago.vn,Đang hoạt động,https://giayphep.abei.gov.vn/s/128051
Mạng Xã Hội,,CÔNG TY TNHH ADVERTISING VIETNAM,398/GP-BTTTT,https://www. advertisingvietnam.vn; www.advertisingvietnam.com,Đang hoạt động,https://giayphep.abei.gov.vn/s/131072
Mạng Xã Hội,,CÔNG TY CỔ PHẦN CÔNG NGHỆ VÀ TRUYỀN THÔNG AIV GROUP,396/GP-BTTTT,https://www.molap.vn,Đang hoạt động,https://giayphep.abei.gov.vn/s/130823
Mạng Xã Hội,,CÔNG TY TNHH TICKETBOX,397/GP-BTTTT,https://www.ticketbox.vn,Đang hoạt động,https://giayphep.abei.gov.vn/s/130754
Mạng Xã Hội,,CÔNG TY CỔ PHẦN TƯ VẤN TRUYỀN THÔNG MVV SNP,392/GP-BTTTT,https://www.vuottroihonmoingay.vn; www.vuottroihonmoingay.com.vn; www.vuottroihonmoingay.com; www.begreater.vn; www.begreater.com.vn,Đang hoạt động,https://giayphep.abei.gov.vn/s/128581
Mạng Xã Hội,,CÔNG TY TNHH CÔNG NGHỆ THÔNG TIN SG,389/GP-BTTTT,https://www.funs.vn,Đang hoạt động,https://giayphep.abei.gov.vn/s/131392
Mạng Xã Hội,,CÔNG TY CỔ PHẦN TRUYỀN THÔNG VĂN HOÁ PHẬT GIÁO VÀ ĐỜI SỐNG,394/GP-BTTTT,https://www.phatgiaodoisong.vn,Đang hoạt động,https://giayphep.abei.gov.vn/s/128999
Mạng Xã Hội,,CÔNG TY TNHH HOMEDY VIỆT NAM,391/GP-BTTTT,https://www.homedy.vn,Đang hoạt động,https://giayphep.abei.gov.vn/s/131274
Mạng Xã Hội,,CÔNG TY CỔ PHẦN XCORP,393/GP-BTTTT,https://www.chotroi.vn,Đang hoạt động,https://giayphep.abei.gov.vn/s/131087
Mạng Xã Hội,,CÔNG TY CỔ PHẦN KHOA HỌC DỮ LIỆU,390/GP-BTTTT,https://www.hayko.vn; www.hayko.tv,Đang hoạt động,https://giayphep.abei.gov.vn/s/130833
Mạng Xã Hội,,CÔNG TY TNHH TRUYỀN THÔNG SÀI GÒN SÁNG TẠO,387/GP-BTTTT,https://www.sgst.vn,Đang hoạt động,https://giayphep.abei.gov.vn/s/130553
Mạng Xã Hội,,CÔNG TY CỔ PHẦN TRUYỀN THÔNG THƯƠNG MẠI VÀ DỊCH VỤ THỊNH VƯỢNG,388/GP-BTTTT,https://www.ceoviet.vn,Đang hoạt động,https://giayphep.abei.gov.vn/s/130229
Mạng Xã Hội,,CÔNG TY TNHH MTV SANTA,348/GP-BTTTT,https://www.hoteljob.vn,Đang hoạt động,https://giayphep.abei.gov.vn/s/129683
Mạng Xã Hội,,CÔNG TY TNHH TƯ VẤN VÀ SỞ HỮU TRÍ TUỆ HOÀNG PHI,334/GP-BTTTT,https://www.aleale.com.vn,Đang hoạt động,https://giayphep.abei.gov.vn/s/131358
Mạng Xã Hội,,CÔNG TY TNHH TƯ VẤN BẤT ĐỘNG SẢN SÀI GÒN GIA ĐỊNH,331/GP-BTTTT,https://www.batdongsanforum.vn,Đang hoạt động,https://giayphep.abei.gov.vn/s/130451
Mạng Xã Hội,,CÔNG TY TNHH YAMLIVE,332/GP-BTTTT,https://www.yamlive.vn; www.yamasia.vn,Đang hoạt động,https://giayphep.abei.gov.vn/s/131355
Mạng Xã Hội,,CÔNG TY CỔ PHẦN PHÁT TRIỂN ỨNG DỤNG DI ĐỘNG SÁNG TẠO HỮU ÍCH,329/GP-BTTTT,https://www.vnduca.com.vn,Ngừng hoạt động,https://giayphep.abei.gov.vn/s/131328
Mạng Xã Hội,,CÔNG TY CỔ PHẦN ĐẦU TƯ PHÁT TRIỂN HOÀNG GIA D&T,330/GP-BTTTT,https://www.pingedu.vn,Đang hoạt động,https://giayphep.abei.gov.vn/s/130756
Mạng Xã Hội,,CÔNG TY TNHH PHÁT TRIỂN THƯƠNG MẠI VÀ TRUYỀN THÔNG BÌNH MINH,323/GP-BTTTT,https://www.lamnghiep.vn,Ngừng hoạt động,https://giayphep.abei.gov.vn/s/129720
Mạng Xã Hội,,CÔNG TY CỔ PHẦN LINE VIỆT NAM,324/GP-BTTTT,https://www.beyeu.net.vn; www.beyeu.com,Đang hoạt động,https://giayphep.abei.gov.vn/s/127976
Mạng Xã Hội,,CÔNG TY TNHH NK KHÔI,325/GP-BTTTT,https://www.weallnet.vn,Đang hoạt động,https://giayphep.abei.gov.vn/s/131352
Mạng Xã Hội,,CÔNG TY TNHH VINALIVE,318/GP-BTTTT,https://www.tichcuc.vn,Đang hoạt động,https://giayphep.abei.gov.vn/s/131103
Mạng Xã Hội,,BÁO ĐIỆN TỬ ĐẢNG CỘNG SẢN VIỆT NAM,313/GP-BTTTT,https://www.vcnet.vn,Đang hoạt động,https://giayphep.abei.gov.vn/s/129846
Mạng Xã Hội,,CÔNG TY TRUYỀN THÔNG VIETTEL,311/GP-BTTTT,https://www.xgaming.vn,Đang hoạt động,https://giayphep.abei.gov.vn/s/131166
Mạng Xã Hội,,CÔNG TY CỔ PHẦN ĐẦU TƯ VÀ PHÁT TRIỂN UB VIỆT NAM,295/GP-BTTTT,https://www.ub.com.vn,Ngừng hoạt động,https://giayphep.abei.gov.vn/s/130011
Mạng Xã Hội,,CÔNG TY TNHH CÔNG NGHỆ GIẢI TRÍ THẾ GIỚI OLIVE,296/GP-BTTTT,http://olivestream.vn,Đang hoạt động,https://giayphep.abei.gov.vn/s/130846
Mạng Xã Hội,,CÔNG TY TNHH TƯ VẤN DỊCH VỤ MEDIA TIMES,293/GP-BTTTT,https://www.vietnambizforum.vn,Đang hoạt động,https://giayphep.abei.gov.vn/s/129911
Mạng Xã Hội,,CÔNG TY CỔ PHẦN TIẾP THỊ THỊNH PHÁT,289/GP-BTTTT,https://www.cafeland.com.vn,Ngừng hoạt động,https://giayphep.abei.gov.vn/s/131343
Mạng Xã Hội,,CÔNG TY CỔ PHẦN CÔNG NGHỆ VÀ TRUYỀN THÔNG HEMERA,290/GP-BTTTT,https://www.automotor.vn,Đang hoạt động,https://giayphep.abei.gov.vn/s/128804
Mạng Xã Hội,,BÁO PHÁP LUẬT VIỆT NAM,285/GP-BTTTT,https://www.congdongphapluat.vn,Đang hoạt động,https://giayphep.abei.gov.vn/s/129002
Mạng Xã Hội,,CÔNG TY CỔ PHẦN TẬP ĐOÀN TRUYỀN THÔNG TRI ÂN,278/GP-BTTTT,https://www.doisongquanhta.vn,Đang hoạt động,https://giayphep.abei.gov.vn/s/130657
Mạng Xã Hội,,CÔNG TY TNHH SPOON RADIO VIỆT NAM,276/GP-BTTTT,https://www.spooncast.vn; www.spooncast.net,Đang hoạt động,https://giayphep.abei.gov.vn/s/131329
Mạng Xã Hội,,CÔNG TY CỔ PHẦN YOUR ENTERTAIMENT PLATFORM,268/GP-BTTTT,https://www.celuv.vn,Đang hoạt động,https://giayphep.abei.gov.vn/s/130230
Mạng Xã Hội,,CÔNG TY CỔ PHẦN TẬP ĐOÀN TRUYỀN THÔNG TRI ÂN,269/GP-BTTTT,https://www.vietbeauty.net.vn,Đang hoạt động,https://giayphep.abei.gov.vn/s/127750
Mạng Xã Hội,,CÔNG TY CỔ PHẦN FALCON VIỆT NAM,270/GP-BTTTT,https://www.openstudy.vn,Đang hoạt động,https://giayphep.abei.gov.vn/s/128822
Mạng Xã Hội,,VIỆN NGHIÊN CỨU TRUYỀN THÔNG VÀ PHÁT TRIỂN,271/GP-BTTTT,https://www.butdanh.vn,Đang hoạt động,https://giayphep.abei.gov.vn/s/128607
Mạng Xã Hội,,CÔNG TY CỔ PHẦN ONE MOUNT CONSUMER,382/GP-BTTTT,https://www.vinid.vn,Đang hoạt động,https://giayphep.abei.gov.vn/s/129551
Mạng Xã Hội,,CÔNG TY TNHH THƯƠNG MẠI DỊCH VỤ VÀ TRUYỀN THÔNG THƯƠNG HIỆU PLUS,263/GP-BTTTT,https://www.thuongtruongplus.vn,Đang hoạt động,https://giayphep.abei.gov.vn/s/130616
Mạng Xã Hội,,CÔNG TY TNHH TRUYỀN THÔNG PHÁP LUẬT THỊ TRƯỜNG,262/GP-BTTTT,https://www.doanhnghieptre.vn,Đang hoạt động,https://giayphep.abei.gov.vn/s/131171
Mạng Xã Hội,,CÔNG TY CỔ PHẦN ADON VIỆT NAM,259/GP-BTTTT,https://www.mvicall-viettel.vn,Đang hoạt động,https://giayphep.abei.gov.vn/s/131331
Mạng Xã Hội,,CÔNG TY TNHH MEDILAND VIỆT NAM,260/GP-BTTTT,https://www.diendannangmui.vn,Đang hoạt động,https://giayphep.abei.gov.vn/s/130567
Mạng Xã Hội,,CÔNG TY CỔ PHẦN CHỨNG KHOÁN KỸ THƯƠNG,255/GP-BTTTT,https://www.iWealthClub.com.vn,Đang hoạt động,https://giayphep.abei.gov.vn/s/128884
Mạng Xã Hội,,CÔNG TY CỔ PHẦN CAR PASSION,256/GP-BTTTT,https://www.carpassion.vn,Đang hoạt động,https://giayphep.abei.gov.vn/s/130758
Mạng Xã Hội,,CÔNG TY CỔ PHẦN PHÁT TRIỂN TRUYỀN THÔNG VIETPRO,257/GP-BTTTT,https://www.5h30.vn,Đang hoạt động,https://giayphep.abei.gov.vn/s/130717
Mạng Xã Hội,,CÔNG TY CỔ PHẦN THẾ GIỚI DI ĐỘNG,238/GP-BTTTT,https://www.thegioididong.vn; www.thegioididong.com.vn; www.thegioididong.com,Đang hoạt động,https://giayphep.abei.gov.vn/s/129274
Mạng Xã Hội,,CÔNG TY CỔ PHẦN TRUYỀN THÔNG TIÊU DÙNG VÀ TIẾP THỊ,236/GP-BTTTT,https://www.khoevadep.net.vn,Đang hoạt động,https://giayphep.abei.gov.vn/s/130851
Mạng Xã Hội,,CÔNG TY CỔ PHẦN CÔNG NGHỆ TRUYỀN THÔNG TÂN PHONG,235/GP-BTTTT,https://www.alobook.vn,Ngừng hoạt động,https://giayphep.abei.gov.vn/s/128450
Mạng Xã Hội,,CÔNG TY CỔ PHẦN CÔNG NGHỆ GAPO,222/GP-BTTTT,http://gapo.vn,Đang hoạt động,https://giayphep.abei.gov.vn/s/131102
Mạng Xã Hội,,CÔNG TY TNHH BUNY,206/GP-BTTTT,https://www.buny.vn,Đang hoạt động,https://giayphep.abei.gov.vn/s/131226
Mạng Xã Hội,,CÔNG TY CỔ PHẦN YOUTRADE,204/GP-BTTTT,https://www.youfinance.vn,Đang hoạt động,https://giayphep.abei.gov.vn/s/130926
Mạng Xã Hội,,CÔNG TY TNHH PHÁT TRIỂN THƯƠNG MẠI VÀ TRUYỀN THÔNG BÌNH MINH,205/GP-BTTTT,https://www.nguoitrongcay.vn,Ngừng hoạt động,https://giayphep.abei.gov.vn/s/131091
Mạng Xã Hội,,CÔNG TY TNHH S-HOLDINGS,201/GP-BTTTT,https://www.cafebusiness.vn,Đang hoạt động,https://giayphep.abei.gov.vn/s/130835
Mạng Xã Hội,,CÔNG TY CỔ PHẦN DỊCH VỤ VÀ ĐẦU TƯ LIAN,203/GP-BTTTT,https://www.applian.vn; www.lianapp.vn,Đang hoạt động,https://giayphep.abei.gov.vn/s/127809
Mạng Xã Hội,,CÔNG TY TNHH TRUYỀN THÔNG TXT,189/GP-BTTTT,https://www.ktxh.com.vn,Đang hoạt động,https://giayphep.abei.gov.vn/s/129257
Mạng Xã Hội,,CÔNG TY TNHH MTV NGUYỄN ĐÌNH NGHĨA,187/GP-BTTTT,https://www.waodate.vn; www.waodate.com,Đang hoạt động,https://giayphep.abei.gov.vn/s/131158
Mạng Xã Hội,,TẠP CHÍ VIETNAM TRAVELLER,183/GP-BTTTT,http://travelmag.vn,Đang hoạt động,https://giayphep.abei.gov.vn/s/130113
Mạng Xã Hội,,CÔNG TY CỔ PHẦN ĐẦU TƯ VÀ PHÁT TRIỂN ĐỊA ỐC THÀNH PHỐ HOÀNG GIA,182/GP-BTTTT,https://www.vinhomes.vn,Đang hoạt động,https://giayphep.abei.gov.vn/s/128781
Mạng Xã Hội,,CÔNG TY CỔ PHẦN TRUYỀN HÌNH THỰC TẾ HDTV  VIỆT NAM,179/GP-BTTTT,https://www.thucte.vn,Đang hoạt động,https://giayphep.abei.gov.vn/s/130750
Mạng Xã Hội,,CÔNG TY TNHH IVND,180/GP-BTTTT,http://Stockbook.vn,Ngừng hoạt động,https://giayphep.abei.gov.vn/s/128415
Mạng Xã Hội,,CÔNG TY CỔ PHẦN ĐẦU TƯ BRIGHT STAR,181/GP-BTTTT,https://www.hocphi.vn,Đang hoạt động,https://giayphep.abei.gov.vn/s/130562
Mạng Xã Hội,,CÔNG TY CỔ PHẦN TRUYỀN THÔNG SÁNG,164/GP-BTTTT,http://8friend.vn,Đang hoạt động,https://giayphep.abei.gov.vn/s/129239
Mạng Xã Hội,,CÔNG TY CỔ PHẦN ĐẦU TƯ HERAPO,163/GP-BTTTT,http://herapo.vn,Đang hoạt động,https://giayphep.abei.gov.vn/s/129929
Mạng Xã Hội,,CÔNG TY TNHH TRUYỀN THÔNG HƯNG,165 /GP-BTTTT,http://economyforum.vn,Đang hoạt động,https://giayphep.abei.gov.vn/s/129942
Mạng Xã Hội,,CÔNG TY CỔ PHẦN TẬP ĐOÀN TRUYỀN THÔNG G8,162/GP-BTTTT,https://www.truyenthongg8.vn,Đang hoạt động,https://giayphep.abei.gov.vn/s/129923
Mạng Xã Hội,,CÔNG TY TNHH MTV TRUYỀN THÔNG  PHƯƠNG NAMNET,12/GP-BTTTT,https://www.nguoinghe.vn,Đang hoạt động,https://giayphep.abei.gov.vn/s/129491
Mạng Xã Hội,,CÔNG TY TNHH KINH DOANH ĐỊA ỐC ĐẠI HƯNG PHÁT,150/GP-BTTTT,https://www.ketnoithanhcong.vn,Đang hoạt động,https://giayphep.abei.gov.vn/s/128556
Mạng Xã Hội,,CÔNG TY CỔ PHẦN TRUYỀN THÔNG VÀ ĐẦU TƯ TỶ PHÚ VIỆT,148/GP-BTTTT,https://www.typhuviet.vn,Đang hoạt động,https://giayphep.abei.gov.vn/s/128580
Mạng Xã Hội,,CÔNG TY TNHH THƯƠNG MẠI DỊCH VỤ ĐẦU TƯ THẮNG LỢI,151/GP-BTTTT,https://www.ktvn.vn,Đang hoạt động,https://giayphep.abei.gov.vn/s/129888
Mạng Xã Hội,,CÔNG TY VTC CÔNG NGHỆ VÀ NỘI DUNG SỐ,122/GP-BTTTT,http://congdongmang.com.vn; http://congdongmang.net.vn,Đang hoạt động,https://giayphep.abei.gov.vn/s/130211
Mạng Xã Hội,,CÔNG TY TNHH CÔNG NGHỆ QUỐC TẾ ĐẠI VIỆT,118/GP-BTTTT,https://www.davichat.vn,Đang hoạt động,https://giayphep.abei.gov.vn/s/129078
Mạng Xã Hội,,CÔNG TY TNHH DSF VIỆT NAM,116/GP-BTTTT,http://sportday.vn,Đang hoạt động,https://giayphep.abei.gov.vn/s/128508
Mạng Xã Hội,,CÔNG TY TNHH CÔNG NGHỆ QUỐC TẾ ĐẠI VIỆT,119/GP-BTTTT,https://www.dvhots.vn,Đang hoạt động,https://giayphep.abei.gov.vn/s/130109
Mạng Xã Hội,,CÔNG TY CỔ PHẦN PHÁT TRIỂN ỨNG DỤNG DI ĐỘNG SÁNG TẠO HỮU ÍCH,115/GP-BTTTT,https://www.vnduca.com.vn,Ngừng hoạt động,https://giayphep.abei.gov.vn/s/129788
Mạng Xã Hội,,CÔNG TY CỔ PHẦN PHÁT TRIỂN TRUYỀN THÔNG TRUYỀN HÌNH VIỆT NAM,114/GP-BTTTT,https://www.doanhnghiepbiz.vn,Đang hoạt động,https://giayphep.abei.gov.vn/s/128498
Mạng Xã Hội,,CÔNG TY TNHH GIẢI TRÍ SỐ 9 VIỆT NAM,93/GP-BTTTT,https://www.9gate.vn,Đang hoạt động,https://giayphep.abei.gov.vn/s/129939
Mạng Xã Hội,,CÔNG TY TNHH XÚC TIẾN ĐẦU TƯ VÀ TƯ VẤN BẤT ĐỘNG SẢN SÀI GÒN,89/GP-BTTTT,https://www.thitruongdiaoc.vn,Đang hoạt động,https://giayphep.abei.gov.vn/s/129751
Mạng Xã Hội,,CÔNG TY TNHH PLVN,88/GP-BTTTT,https://www.dulieuphaply.vn,Đang hoạt động,https://giayphep.abei.gov.vn/s/130519
Mạng Xã Hội,,CÔNG TY CỔ PHẦN MARINA CAPITAL,81/GP-BTTTT,http://investforum.vn,Đang hoạt động,https://giayphep.abei.gov.vn/s/129686
Mạng Xã Hội,,CÔNG TY TNHH 360LIFE,81/GP-BTTTT,https://www.lostbird.vn,Đang hoạt động,https://giayphep.abei.gov.vn/s/131330
Mạng Xã Hội,,CÔNG TY CỔ PHẦN TẬP ĐOÀN THỜI GIAN VÀNG,66/GP-BTTTT,https://www.gvinawell.vn,Đang hoạt động,https://giayphep.abei.gov.vn/s/129556
Mạng Xã Hội,,CÔNG TY TNHH HÀNG VIỆT NAM CHẤT LƯỢNG CAO,65/GP-BTTTT,https://www.biztime.com.vn,Đang hoạt động,https://giayphep.abei.gov.vn/s/130702
Mạng Xã Hội,,CÔNG TY TNHH CÔNG NGHỆ QUỐC TẾ ĐẠI VIỆT,63/GP-BTTTT,https://www.dvchat.vn,Đang hoạt động,https://giayphep.abei.gov.vn/s/127943
Mạng Xã Hội,,CÔNG TY TNHH IRIS DATA DRIVEN MARKETING AGENCY,55/GP-BTTTT,https://www.theface.vn,Đang hoạt động,https://giayphep.abei.gov.vn/s/128698
Mạng Xã Hội,,CÔNG TY CỔ PHẦN TRUYỀN THÔNG DAMORD,42/GP-BTTTT,https://www.vedforum.org.vn,Đang hoạt động,https://giayphep.abei.gov.vn/s/129281
Mạng Xã Hội,,CÔNG TY CỔ PHẦN TỔNG ĐÀI ĐỊA ỐC VIỆT NAM,34/GP-BTTTT,https://www.tongdaidiaoc.com.vn,Đang hoạt động,https://giayphep.abei.gov.vn/s/131197
Mạng Xã Hội,,HIỆP HỘI BÁN HÀNG ĐA CẤP VIỆT NAM,38/GP-BTTTT,https://www.kinhdoanhhoinhap.vn,Đang hoạt động,https://giayphep.abei.gov.vn/s/130391
Mạng Xã Hội,,CÔNG TY CỔ PHẦN VIETBUILD PLUS,30 /GP-BTTTT,http://vietbuildplus.vn,Đang hoạt động,https://giayphep.abei.gov.vn/s/127955
Mạng Xã Hội,,CÔNG TY CỔ PHẦN DỊCH VỤ VÀ TRUYỀN THÔNG CÔNG NGHỆ CAO HTSG,33/GP-BTTTT,https://www.voicebox.vn,Đang hoạt động,https://giayphep.abei.gov.vn/s/129500
Mạng Xã Hội,,CÔNG TY CỔ PHẦN TRUYỀN THÔNG BẢN VIỆT,31/GP-BTTTT,https://www.jofun.vn,Đang hoạt động,https://giayphep.abei.gov.vn/s/129655
Mạng Xã Hội,,CÔNG TY CỔ PHẦN TRUYỀN THÔNG MEDIA  VIỆT NAM,25/GP-BTTTT,https://www.nhatkycuocsong.vn,Đang hoạt động,https://giayphep.abei.gov.vn/s/130791
Mạng Xã Hội,,CÔNG TY CỔ PHẦN DỊCH VỤ VIỄN THÔNG LP,32/GP-BTTTT,https://www.saga.vn,Đang hoạt động,https://giayphep.abei.gov.vn/s/131327
Mạng Xã Hội,,VIỆN NGHIÊN CỨU VĂN HÓA VÀ PHÁT TRIỂN,17/GP-BTTTT,https://www.vanhoavadoisong.vn,Đang hoạt động,https://giayphep.abei.gov.vn/s/129631
Mạng Xã Hội,,CÔNG TY CỔ PHẦN PHÁT TRIỂN TRUYỀN THÔNG VÀ  SỰ KIỆN SAO VIỆT,13/GP-BTTTT,https://www.suckhoevalamdep.net.vn,Đang hoạt động,https://giayphep.abei.gov.vn/s/131349
Mạng Xã Hội,,CÔNG TY TNHH TRUYỀN THÔNG QUẢNG CÁO TN76,16/GP-BTTTT,https://www.doisongkinhdoanh.com.vn,Đang hoạt động,https://giayphep.abei.gov.vn/s/130836
Mạng Xã Hội,,CÔNG TY TNHH TIN TỨC TRUYỀN THÔNG VNN,06/GP-BTTTT,http://truyenthongvnn.vn,Ngừng hoạt động,https://giayphep.abei.gov.vn/s/129621
Mạng Xã Hội,,CÔNG TY TNHH THƯƠNG MẠI - TRUYỀN THÔNG SAVY,04/GP-BTTTT,https://www.carbiz.vn,Đang hoạt động,https://giayphep.abei.gov.vn/s/130721
Mạng Xã Hội,,CÔNG TY TNHH TẬP ĐOÀN T82,05/GP-BTTTT,https://www.congdongplus.vn,Đang hoạt động,https://giayphep.abei.gov.vn/s/129499
Mạng Xã Hội,,CÔNG TY TNHH ĐẦU TƯ PHÁT TRIỂN SALT & LIGHT,03/GP-BTTTT,https://www.lightbox.vn,Đang hoạt động,https://giayphep.abei.gov.vn/s/128771
Mạng Xã Hội,,CÔNG TY CỔ PHẦN QUẢNG CÁO CAM,568 /GP-BTTTT,https://www.phunuvietkhoinghiep.vn,Đang hoạt động,https://giayphep.abei.gov.vn/s/131275
Mạng Xã Hội,,CÔNG TY TNHH QUẢNG CÁO ONG VÀNG,566/GP-BTTTT,http://sinhviennoithat.vn,Đang hoạt động,https://giayphep.abei.gov.vn/s/127970
Mạng Xã Hội,,CÔNG TY TNHH TRUYỀN THÔNG HK,567/GP-BTTTT,https://www.songkhoeplus.vn,Đang hoạt động,https://giayphep.abei.gov.vn/s/131035
Mạng Xã Hội,,CÔNG TY CỔ PHẦN BKAV,559/GP-BTTTT,https://www.vnr.net.vn,Ngừng hoạt động,https://giayphep.abei.gov.vn/s/131257
Mạng Xã Hội,,CÔNG TY CỔ PHẦN EGO MEDIA,560/GP-BTTTT,https://www.aoe.vn,Đang hoạt động,https://giayphep.abei.gov.vn/s/130917
Mạng Xã Hội,,CÔNG TY CỔ PHẦN GIẢI PHÁP CÔNG NGHỆ VẠN GIA HƯNG,552/GP-BTTTT,http://langcuoi.net.vn,Đang hoạt động,https://giayphep.abei.gov.vn/s/128158
Mạng Xã Hội,,CÔNG TY TNHH HÀNG VIỆT NAM CHẤT LƯỢNG CAO,548/GP-BTTTT,http://aiya.vn,Ngừng hoạt động,https://giayphep.abei.gov.vn/s/130779
Mạng Xã Hội,,CÔNG TY CỔ PHẦN TRUYỀN THÔNG VÀ THƯƠNG MẠI  B.Đ.S VIỆT NAM,549/GP-BTTTT,https://www.mangbatdongsan.vn,Ngừng hoạt động,https://giayphep.abei.gov.vn/s/128079
Mạng Xã Hội,,CÔNG TY TNHH DIGITAL POWER MEDIA,540/GP-BTTTT,https://www.kidsloopvn.com.vn,Ngừng hoạt động,https://giayphep.abei.gov.vn/s/128775
Mạng Xã Hội,,CÔNG TY TNHH THƯƠNG MẠI DỊCH VỤ MẠNG LƯỚI THÔNG MINH,535/GP-BTTTT,https://www.paysmart.com.vn,Đang hoạt động,https://giayphep.abei.gov.vn/s/130725
Mạng Xã Hội,,CÔNG TY CỔ PHẦN ỨNG DỤNG VÀ TRUYỀN THÔNG  X7PLUS,534/GP-BTTTT,https://www.getup.vn,Đang hoạt động,https://giayphep.abei.gov.vn/s/131190
Mạng Xã Hội,,CÔNG TY CỔ PHẦN VANO,543/GP-BTTTT,https://www.vicall.vn,Đang hoạt động,https://giayphep.abei.gov.vn/s/130596
Mạng Xã Hội,,CÔNG TY CỔ PHẦN CÔNG NGHỆ BW VIỆT NAM,538/GP-BTTTT,https://www.beep.vn,Đang hoạt động,https://giayphep.abei.gov.vn/s/130936
Mạng Xã Hội,,CÔNG TY CỔ PHẦN PHÁT TRIỂN TRUYỀN THÔNG  THỜI ĐẠI,539/GP-BTTTT,https://www.nguoimua.vn,Đang hoạt động,https://giayphep.abei.gov.vn/s/127956
Mạng Xã Hội,,CÔNG TY TNHH XÚC TIẾN ĐẦU TƯ VÀ TƯ VẤN  BẤT ĐỘNG SẢN SÀI GÒN,537/GP-BTTTT,https://www.vietnampropertyforum.vn,Đang hoạt động,https://giayphep.abei.gov.vn/s/128172
Mạng Xã Hội,,"CÔNG TY CỔ PHẦN TRUYỀN THÔNG, QUẢNG CÁO ĐA PHƯƠNG TIỆN",544/GP-BTTTT,http://buum.vn,Đang hoạt động,https://giayphep.abei.gov.vn/s/130643
Mạng Xã Hội,,CÔNG TY TNHH DỊCH VỤ QUẢNG CÁO VÀ TRUYỀN THÔNG CHÂU Á,541/GP-BTTTT,https://www.elle.vn,Đang hoạt động,https://giayphep.abei.gov.vn/s/130640
Mạng Xã Hội,,CÔNG TY CỔ PHẦN TRUYỀN THÔNG VÀ GIẢI TRÍ ZILACK,533/GP-BTTTT,https://www.zilack.vn,Đang hoạt động,https://giayphep.abei.gov.vn/s/131287
Mạng Xã Hội,,CÔNG TY TNHH XIN CHÀO SỨC KHỎE,529/GP-BTTTT,https://www.hellobacsi.com.vn; www.hellobacsi.com,Đang hoạt động,https://giayphep.abei.gov.vn/s/130633
Mạng Xã Hội,,CÔNG TY CỔ PHẦN TẬP ĐOÀN THỜI GIAN VÀNG,530/GP-BTTTT,https://www.gvinawell.vn,Ngừng hoạt động,https://giayphep.abei.gov.vn/s/130923
Mạng Xã Hội,,CÔNG TY CỔ PHẦN FINIZZ,528/GP-BTTTT,https://www.medplus.vn,Đang hoạt động,https://giayphep.abei.gov.vn/s/130732
Mạng Xã Hội,,CÔNG TY CỔ PHẦN BKAV,523/GP-BTTTT,https://www.home123.vn,Đang hoạt động,https://giayphep.abei.gov.vn/s/130473
Mạng Xã Hội,,CÔNG TY CỔ PHẦN TRÁI THỊ VÀNG,526/GP-BTTTT,https://www.vieclamlaixe.vn,Đang hoạt động,https://giayphep.abei.gov.vn/s/127727
Mạng Xã Hội,,CÔNG TY TNHH MYKOON VIỆT NAM,511/GP-BTTTT,"https://www.spooncast.vn, www.spooncast.net",Ngừng hoạt động,https://giayphep.abei.gov.vn/s/130933
Mạng Xã Hội,,CÔNG TY CỔ PHẦN HATTO,512/GP-BTTTT,http://hatto.vn; http://hatto.com.vn; http://hatto.net.vn; http://hatto.net; http://hatto.info,Đang hoạt động,https://giayphep.abei.gov.vn/s/130503
Mạng Xã Hội,,CÔNG TY TNHH NGUỒN NHÂN LỰC JPNET TOÀN CẦU,503/GP-BTTTT,http://jpnet.com.vn,Đang hoạt động,https://giayphep.abei.gov.vn/s/130932
Mạng Xã Hội,,CÔNG TY CỔ PHẦN BKAV,504/GP-BTTTT,https://www.vala.vn,Đang hoạt động,https://giayphep.abei.gov.vn/s/130964
Mạng Xã Hội,,CÔNG TY CỔ PHẦN CÔNG NGHỆ CAO VÀ ĐÀO TẠO YOOT,492/GP-BTTTT,https://www.yoot.vn,Đang hoạt động,https://giayphep.abei.gov.vn/s/131258
Mạng Xã Hội,,CÔNG TY CỔ PHẦN THIÊN TÀI VIỆT NAM,494/GP-BTTTT,https://www.trendsvietnam.vn,Đang hoạt động,https://giayphep.abei.gov.vn/s/130535
Mạng Xã Hội,,CÔNG TY CỔ PHẦN PI GROUP,493/GP-BTTTT,"https://www.p.net.vn, www.pi.org.vn",Đang hoạt động,https://giayphep.abei.gov.vn/s/130569
Mạng Xã Hội,,CÔNG TY CỔ PHẦN TRUYỀN THÔNG ĐỜI SỐNG VÀ PHÁT TRIỂN,481/GP-BTTTT,https://www.doisongvaphattrien.vn,Đang hoạt động,https://giayphep.abei.gov.vn/s/130410
Mạng Xã Hội,,CÔNG TY TNHH TRUYỀN THÔNG QUẢNG CÁO NGƯỜI ĐỒNG HÀNH,477/GP-BTTTT,http://www.vietnambusinessinsider.vn,Đang hoạt động,https://giayphep.abei.gov.vn/s/128065
Mạng Xã Hội,,CÔNG TY TNHH TRUYỀN THỐNG DOANH NÔNG,478/GP-BTTTT,https://www.offb.vn,Đang hoạt động,https://giayphep.abei.gov.vn/s/129619
Mạng Xã Hội,,CÔNG TY CỔ PHẦN PHÁT TRIỂN TRUYỀN THÔNG VIETPRO,479/GP-BTTTT,https://www.gocnhin.com.vn,Đang hoạt động,https://giayphep.abei.gov.vn/s/130094
Mạng Xã Hội,,"CÔNG TY CỔ PHẦN TRUYỀN THÔNG, QUẢNG CÁO ĐA PHƯƠNG TIỆN",527/GP-BTTTT,http://giaitriplus.vn,Đang hoạt động,https://giayphep.abei.gov.vn/s/130940
Mạng Xã Hội,,CÔNG TY TNHH CÔNG NGHỆ TRUYỀN THÔNG EXPLUS,467/GP-BTTTT,https://www.largeer.vn,Đang hoạt động,https://giayphep.abei.gov.vn/s/130434
Mạng Xã Hội,,CÔNG TY CỔ PHẦN PHẦN MỀM VNS,468/GP-BTTTT,http://sll.vnsedu.vn,Đang hoạt động,https://giayphep.abei.gov.vn/s/129608
Mạng Xã Hội,,CÔNG TY CỔ PHẦN CÔNG NGHỆ GIÁO DỤC THIÊN HÀ XAΝΗ,496/GP-BTTTT,https://www.testbank.vn,Đang hoạt động,https://giayphep.abei.gov.vn/s/130748
Mạng Xã Hội,,CÔNG TY TNHH SAMSUNG ELECTRONICS VIỆT NAM THÁI NGUYÊN,466/GP-BTTTT,https://www.community.samsungmembers.vn,Đang hoạt động,https://giayphep.abei.gov.vn/s/131168
Mạng Xã Hội,,CÔNG TY TNHH PHÁT TRIỂN THƯƠNG MẠI VÀ TRUYỀN THÔNG BÌNH MINH,461/GP-BTTTT,https://www.lamnghiep.vn,Ngừng hoạt động,https://giayphep.abei.gov.vn/s/128126
Mạng Xã Hội,,CÔNG TY TNHH THƯƠNG MẠI VÀ TRUYỀN THÔNG PHƯƠNG NAM,456/GP-BTTTT,https://www.chuyeneva.vn,Đang hoạt động,https://giayphep.abei.gov.vn/s/130665
Mạng Xã Hội,,CÔNG TY TNHH BUNY,460/GP-BTTTT,https://www.buny.vn,Ngừng hoạt động,https://giayphep.abei.gov.vn/s/129102
Mạng Xã Hội,,CÔNG TY CỔ PHẦN GIÁO DỤC TRỰC TUYẾN BSHOOL,453/GP-BTTTT,http://bschool.vn,Đang hoạt động,https://giayphep.abei.gov.vn/s/131373
Mạng Xã Hội,,CÔNG TY CỔ PHẦN GIÁO DỤC TRỰC TUYẾN EDEMY,451/GP-BTTTT,http://edemy.vn,Đang hoạt động,https://giayphep.abei.gov.vn/s/129973
Mạng Xã Hội,,CÔNG TY TNHH ĐẦU TƯ GIẢI TRÍ SÀI GÒN POST,452/GP-BTTTT,"https://www.ivideo.vn, www.ivideo.com.vn",Đang hoạt động,https://giayphep.abei.gov.vn/s/131262
Mạng Xã Hội,,CÔNG TY TNHH BEYOO,449/GP-BTTTT,https://www.beyoo.vn,Đang hoạt động,https://giayphep.abei.gov.vn/s/129361
Mạng Xã Hội,,CÔNG TY CỔ PHẦN TRUYỀN THÔNG DOANH NGHIỆP VÀ DOANH NHÂN,446/GP-BTTTT,https://www.doanhnghiepvadoanhnhan.vn,Đang hoạt động,https://giayphep.abei.gov.vn/s/128840
Mạng Xã Hội,,CÔNG TY CỔ PHẦN BÁO CÁO ĐÁNH GIÁ VIỆT NAM,447/GP-BTTTT,http://vnr500.com.vn,Đang hoạt động,https://giayphep.abei.gov.vn/s/130604
Mạng Xã Hội,,CÔNG TY CỔ PHẦN ĐỊNH ANH,429/GP-BTTTT,https://www.mogi.vn,Đang hoạt động,https://giayphep.abei.gov.vn/s/130614
Mạng Xã Hội,,CÔNG TY CỔ PHẦN CÔNG NGHỆ ASTRA TOÀN CẦU,435/GP-BTTTT,http://astra.com.vn,Đang hoạt động,https://giayphep.abei.gov.vn/s/131256
Mạng Xã Hội,,CÔNG TY CỔ PHẦN GIẢI PHÁP ĐẦU TƯ SÀI GÒN,427/GP-BTTTT,https://www.reviewbatdongsan.vn,Đang hoạt động,https://giayphep.abei.gov.vn/s/129513
Mạng Xã Hội,,CÔNG TY CỔ PHẦN INDIMAX,426/GP-BTTTT,https://www.alivar.vn,Đang hoạt động,https://giayphep.abei.gov.vn/s/127713
Mạng Xã Hội,,CÔNG TY TNHH TRUYỀN THÔNG PHI LONG,425/GP-BTTTT,https://www.thekymoi.vn,Đang hoạt động,https://giayphep.abei.gov.vn/s/129660
Mạng Xã Hội,,CÔNG TY TNHH THƯƠNG MẠI VÀ TRUYỀN THÔNG PHƯƠNG NAM,424/GP-BTTTT,https://www.phongdo.vn,Đang hoạt động,https://giayphep.abei.gov.vn/s/131059
Mạng Xã Hội,,CÔNG TY CỔ PHẦN BATDONGSANCAFE.VN,422/GP-BTTTT,https://www.batdongsancafe.com.vn,Ngừng hoạt động,https://giayphep.abei.gov.vn/s/130740
Mạng Xã Hội,,CÔNG TY TNHH THƯƠNG MẠI VÀ TRUYỀN THÔNG PHƯƠNG NAM,421/GP-BTTTT,https://www.giammomau.net.vn,Đang hoạt động,https://giayphep.abei.gov.vn/s/129471
Mạng Xã Hội,,CÔNG TY CỔ PHẦN CÔNG NGHỆ CAO LTA QUỐC TẾ,418/GP-BTTTT,https://hup://allmusic.vn,Đang hoạt động,https://giayphep.abei.gov.vn/s/129307
Mạng Xã Hội,,CÔNG TY CỔ PHẦN BILI & BROS,419/GP-BTTTT,https://www.metrip.vn,Đang hoạt động,https://giayphep.abei.gov.vn/s/127663
Mạng Xã Hội,,CÔNG TY CỔ PHẦN CÔNG NGHỆ CAO LTA QUỐC TẾ,417/GP-BTTTT,http://vietnamlifes.vn,Đang hoạt động,https://giayphep.abei.gov.vn/s/129364
Mạng Xã Hội,,CÔNG TY TNHH SẢN XUẤT VÀ KINH DOANH NỘI DUNG SỐ DIGICON,416/GP-BTTTT,https://www.dulichtoday.vn,Đang hoạt động,https://giayphep.abei.gov.vn/s/127895
Mạng Xã Hội,,CÔNG TY CỔ PHẦN TRUYỀN THÔNG DOANH NHÂN SÀI GÒN 247,413/GP-BTTTT,https://www.sg247.com.vn,Đang hoạt động,https://giayphep.abei.gov.vn/s/130966
Mạng Xã Hội,,CÔNG TY TNHH NANOVA,414/GP-BTTTT,https://www.iwing.vn,Đang hoạt động,https://giayphep.abei.gov.vn/s/128798
Mạng Xã Hội,,CÔNG TY TNHH SẢN XUẤT VÀ KINH DOANH NỘI DUNG SỐ DIGICON,415/GP-BTTTT,https://www.muasamxe.vn,Đang hoạt động,https://giayphep.abei.gov.vn/s/128044
Mạng Xã Hội,,CÔNG TY TNHH CÔNG NGHỆ THINK VIỆT NAM,412/GP-BTTTT,https://www.thinkview.vn,Đang hoạt động,https://giayphep.abei.gov.vn/s/129055
Mạng Xã Hội,,CÔNG TY TNHH THƯƠNG MẠI VÀ TRUYỀN THÔNG PHƯƠNG NAM,410/GP-BTTTT,https://www.viemduonghohap.vn,Đang hoạt động,https://giayphep.abei.gov.vn/s/129184
Mạng Xã Hội,,CÔNG TY TNHH THƯƠNG MẠI VÀ TRUYỀN THÔNG PHƯƠNG NAM,409/GP-BTTTT,https://www.hieuvebenhtri.com.vn; www.hicuvebenhtri.com,Đang hoạt động,https://giayphep.abei.gov.vn/s/130645
Mạng Xã Hội,,CÔNG TY TNHH AIRINU VIỆT NAM,407/GP-BTTTT,"http://airinu.vn, http://airinu.com.vn, http://airinu.com",Đang hoạt động,https://giayphep.abei.gov.vn/s/130531
Mạng Xã Hội,,CÔNG TY CỔ PHẦN TRUYỀN THÔNG AUTO MARKET  VIỆT NAM,391/GP-BTTTT,https://www.xethitruong.vn,Đang hoạt động,https://giayphep.abei.gov.vn/s/130642
Mạng Xã Hội,,CÔNG TY TNHH THƯƠNG MẠI CÔNG NGHỆ THANH BÌNH,390/GP-BTTTT,https://www.ustudy.com.vn,Đang hoạt động,https://giayphep.abei.gov.vn/s/129010
Mạng Xã Hội,,CÔNG TY CỔ PHẦN ICHECK,385/GP-BTTTT,https://www.barcodeviet.vn,Đang hoạt động,https://giayphep.abei.gov.vn/s/129691
Mạng Xã Hội,,CÔNG TY TNHH CÔNG NGHỆ KHOÁNG SẢN MINH DŨNG,386/GP-BTTTT,http://vn-z.vn,Đang hoạt động,https://giayphep.abei.gov.vn/s/131354
Mạng Xã Hội,,CÔNG TY CỔ PHẦN PHÁT TRIỂN TRUYỀN THÔNG VÀ SỰ KIỆN SAO VIỆT,375/GP-BTTTT,https://www.quehuongtrongtoi.vn,Đang hoạt động,https://giayphep.abei.gov.vn/s/130788
Mạng Xã Hội,,CÔNG TY CỔ PHẦN PHÁT TRIỂN TRUYỀN THÔNG VÀ SỰ KIỆN SAO VIỆT,374/GP-BTTTT,https://www.doanhnghiepvaphattrien.vn,Đang hoạt động,https://giayphep.abei.gov.vn/s/131268
Mạng Xã Hội,,CÔNG TY CỔ PHẦN CAR PASSION,373/GP-BTTTT,https://www.lifestyle.vn,Đang hoạt động,https://giayphep.abei.gov.vn/s/129518
Mạng Xã Hội,,CÔNG TY CỔ PHẦN CÔNG NGHỆ LAZI,372/GP-BTTTT,https://www.lazi.vn,Đang hoạt động,https://giayphep.abei.gov.vn/s/130483
Mạng Xã Hội,,CÔNG TY CỔ PHẦN TOPLIST,370/GP-BTTTT,https://www.toplist.vn,Đang hoạt động,https://giayphep.abei.gov.vn/s/130764
Mạng Xã Hội,,CÔNG TY TNHH THƯƠNG MẠI DỊCH VỤ QUẢNG CÁO ĐẠI TÍN NGHĨA,371/GP-BTTTT,https://www.xevathitruong.com.vn,Đang hoạt động,https://giayphep.abei.gov.vn/s/129993
Mạng Xã Hội,,CÔNG TY TNHH SALT & LIGHT MEDIA,345/GP-BTTTT,https://www.lightbox.vn,Ngừng hoạt động,https://giayphep.abei.gov.vn/s/130681
Mạng Xã Hội,,CÔNG TY TNHH DỊCH VỤ TRỰC TUYẾN ONKY,344/GP-BTTTT,https://www.goibacsi.vn,Đang hoạt động,https://giayphep.abei.gov.vn/s/129040
Mạng Xã Hội,,CÔNG TY CỔ PHẦN TRUYỀN THÔNG IMBEE,332/GP-BTTTT,https://www.bimatchomsao.com.vn,Ngừng hoạt động,https://giayphep.abei.gov.vn/s/129987
Mạng Xã Hội,,CÔNG TY CỔ PHẦN CÔNG NGHỆ GIÁO DỤC THÀNH PHÁT,331/GP-BTTTT,"https://www.hoidap247.vn, www.hoidap247.com",Đang hoạt động,https://giayphep.abei.gov.vn/s/131208
Mạng Xã Hội,,CÔNG TY CỔ PHẦN SÁNG TẠO LÊ MINH,326/GP-BTTTT,https://www.quocgiakhoinghiep.vn,Đang hoạt động,https://giayphep.abei.gov.vn/s/128423
Mạng Xã Hội,,CÔNG TY TNHH TRUYỀN THÔNG KHANG TÍN,823/GP-BTTTT,https://www.vietnamtraveller.com.vn,Đang hoạt động,https://giayphep.abei.gov.vn/s/130768
Mạng Xã Hội,,CÔNG TY TNHH BUNY,322/GP-BTTTT,https://www.buny.vn,Ngừng hoạt động,https://giayphep.abei.gov.vn/s/130559
Mạng Xã Hội,,CÔNG TY CỔ PHẦN ĐẦU TƯ HTD VIỆT NAM,300/GP-BTTTT,https://www.localart.vn,Đang hoạt động,https://giayphep.abei.gov.vn/s/128642
Mạng Xã Hội,,CÔNG TY TNHH TRUYỀN THÔNG SỨC KHỎE LÀ VÀNG,297/GP-BTTTT,https://www.chamconkhoe.com.vn,Đang hoạt động,https://giayphep.abei.gov.vn/s/130508
Mạng Xã Hội,,CÔNG TY CỔ PHẦN TRUYỀN THÔNG IMBEE,292/GP-BTTTT,https://www.truyenweb.vn,Ngừng hoạt động,https://giayphep.abei.gov.vn/s/128575
Mạng Xã Hội,,CÔNG TY CỔ PHẦN TRUYỀN THÔNG IMBEE,291/GP-BTTTT,https://www.joylada.vn,Ngừng hoạt động,https://giayphep.abei.gov.vn/s/130714
Mạng Xã Hội,,CÔNG TY CỔ PHẦN CÔNG NGHỆ GAPO,278/GP-BTTTT,https://www.gapo.vn,Ngừng hoạt động,https://giayphep.abei.gov.vn/s/130346
Mạng Xã Hội,,CÔNG TY TNHH CÔNG NGHỆ ALADIN,272/GP-BTTTT,https://www.youclip.vn,Đang hoạt động,https://giayphep.abei.gov.vn/s/131276
Mạng Xã Hội,,CÔNG TY CỔ PHẦN  MẠNG XÃ HỘI VIVA,252/GP-BTTTT,https://www.lotus.vn,Đang hoạt động,https://giayphep.abei.gov.vn/s/129428
Mạng Xã Hội,,CÔNG TY TNHH AI QUỐC TẾ,233/GP-BTTTT,"http://ialo.vn, http://ialo.com.vn",Đang hoạt động,https://giayphep.abei.gov.vn/s/128017
Mạng Xã Hội,,CÔNG TY CỔ PHẦN HOTTIT,235/GP-TTĐT,https://www.hotit.vn,Đang hoạt động,https://giayphep.abei.gov.vn/s/129642
Mạng Xã Hội,,CÔNG TY TNHH VĂN HOÁ - SÁNG TẠO TRÍ VIỆT,232/GP-BTTTT,http://hatgiongtamhon.com.vn,Đang hoạt động,https://giayphep.abei.gov.vn/s/131162
Mạng Xã Hội,,CÔNG TY CỔ PHẦN ANYCAR VIỆT NAM,227/GP-BTTTT,http://anycar.vn,Đang hoạt động,https://giayphep.abei.gov.vn/s/130082
Mạng Xã Hội,,CÔNG TY CỔ PHẦN ECOMOBI TOÀN CẦU,218/GP-BTTTT,http://xemlien.vn,Ngừng hoạt động,https://giayphep.abei.gov.vn/s/129985
Mạng Xã Hội,,CÔNG TY CỔ PHẦN QUẢNG CÁO SHOJIKI,213/GP-BTTTT,http://agriculture.vn,Đang hoạt động,https://giayphep.abei.gov.vn/s/128085
Mạng Xã Hội,,CÔNG TY CỔ PHẦN TRUYỀN THÔNG LIVE PRO,212/GP-BTTTT,http://livepro.vn,Đang hoạt động,https://giayphep.abei.gov.vn/s/129256
Mạng Xã Hội,,CÔNG TY TNHH SIMPLE SHARING,205 /GP-BTTTT,http://triptrip.vn,Đang hoạt động,https://giayphep.abei.gov.vn/s/130339
Mạng Xã Hội,,CÔNG TY CỔ PHẦN TRUYỀN THÔNG IMBEE,207/GP-BTTTT,http://buddyreview.vn,Ngừng hoạt động,https://giayphep.abei.gov.vn/s/130847
Mạng Xã Hội,,CÔNG TY CỔ PHẦN KHAI VẤN KHỞI NGHIỆP,208/GP-BTTTT,http://khaivankhoinghiep.vn; http://khoinghiep.com,Đang hoạt động,https://giayphep.abei.gov.vn/s/130918
Mạng Xã Hội,,CÔNG TY CỔ PHẦN CÔNG NGHỆ VÀ DỊCH VỤ DONAMI,206/GP-BTTTT,http://donami.vn,Đang hoạt động,https://giayphep.abei.gov.vn/s/130606
Mạng Xã Hội,,CÔNG TY CỔ PHẦN LOOKME,209/GP-BTTTT,http://lookme.vn,Đang hoạt động,https://giayphep.abei.gov.vn/s/128670
Mạng Xã Hội,,CÔNG TY CỔ PHẦN NGÔI NHÀ MƠ ƯỚC,193/GP-BTTTT,http://homcaz.vn,Đang hoạt động,https://giayphep.abei.gov.vn/s/131111
Mạng Xã Hội,,CÔNG TY CỔ PHẦN TRUYỀN THÔNG BTS VIỆT NAM,196/GP-BTTTT,http://webtuvensinh.edu.vn,Đang hoạt động,https://giayphep.abei.gov.vn/s/129715
Mạng Xã Hội,,CÔNG TY CỔ PHẦN TRUYỀN THÔNG TƯ VẤN VÀ THƯƠNG MẠI LABAMBI,191/GP-BTTTT,http://labambi.vn,Đang hoạt động,https://giayphep.abei.gov.vn/s/127679
Mạng Xã Hội,,CÔNG TY TNHH MEC GROUP,192/GP-BTTTT,"http://mecplay.vn, http://mecplay.com",Đang hoạt động,https://giayphep.abei.gov.vn/s/130608
Mạng Xã Hội,,CÔNG TY TNHH WEBRAND,194 /GP-BTTTT,http://brandsvietnam.vn,Đang hoạt động,https://giayphep.abei.gov.vn/s/130293
Mạng Xã Hội,,CÔNG TY TNHH THƯƠNG MẠI DỊCH VỤ QUẢNG CÁO ĐẠI TÍN NGHĨA,195/GP-BTTTT,http://menandlife.com.vn,Đang hoạt động,https://giayphep.abei.gov.vn/s/129699
Mạng Xã Hội,,CÔNG TY CỔ PHẦN VANO,189/GP-BTTTT,http://ketbanhulaa.vn,Đang hoạt động,https://giayphep.abei.gov.vn/s/130389
Mạng Xã Hội,,CÔNG TY TNHH ZADATO,156/GP-BTTTT,http://danhchoioto.vn,Đang hoạt động,https://giayphep.abei.gov.vn/s/129616
Mạng Xã Hội,,CÔNG TY CỔ PHẦN TRUYỀN THÔNG ẤN PHẨM DU LỊCH VIỆT NAM,145/GP-BTTTT,http://dulichvnnet.vn,Đang hoạt động,https://giayphep.abei.gov.vn/s/130132
Mạng Xã Hội,,CÔNG TY TNHH DIGITAL POWER MEDIA,146/GP-BTTTT,http://zapp.com.vn,Đang hoạt động,https://giayphep.abei.gov.vn/s/130247
Mạng Xã Hội,,CÔNG TY CỔ PHẦN QUẢNG CÁO TRỰC TUYẾN 24H,103/GP-BTTTT,http://24hmoney.vn,Ngừng hoạt động,https://giayphep.abei.gov.vn/s/127751
Mạng Xã Hội,,CÔNG TY CỔ PHẦN NGÔI NHÀ MƠ ƯỚC,84/GP-BTTTT,http://noithatvuong.vn,Ngừng hoạt động,https://giayphep.abei.gov.vn/s/128669
Mạng Xã Hội,,CÔNG TY CỔ PHẦN PHONG PHÚ SẮC VIỆT,63/GP-BTTTT,http://pops.vn,Đang hoạt động,https://giayphep.abei.gov.vn/s/131739
Mạng Xã Hội,,CÔNG TY CỔ PHẦN THƯƠNG MẠI VÀ ĐẦU TƯ Y TẾ  QUỐC TẾ,551/GP-BTTTT,https://www.yduocsuckhoe.vn,Đang hoạt động,https://giayphep.abei.gov.vn/s/130656
Mạng Xã Hội,,CÔNG TY VTC CÔNG NGHỆ VÀ NỘI DUNG SỐ,20/GP-BTTTT,http://congdongmang.com.vn,Ngừng hoạt động,https://giayphep.abei.gov.vn/s/130429
Mạng Xã Hội,,TỔNG CÔNG TY VIỄN THÔNG VIETTEL,12/GP-BTTTT,http://www.myclip.vn/; www. myclip.com.vn,Đang hoạt động,https://giayphep.abei.gov.vn/s/131745
Mạng Xã Hội,,CÔNG TY CỔ PHẦN OPP VIỆT NAM,382/GP-BTTTT,https://www.tamtinh.vn,Ngừng hoạt động,https://giayphep.abei.gov.vn/s/128835
Mạng Xã Hội,,CÔNG TY TNHH ZADATO,374/GP-BTTTT,http://danchoioto.vn,Ngừng hoạt động,https://giayphep.abei.gov.vn/s/128372
Mạng Xã Hội,,CÔNG TY CỔ PHẦN CÔNG NGHỆ GTV VIỆT NAM,146/GP-BTTTT,http://www.gametv.vn/,Đang hoạt động,https://giayphep.abei.gov.vn/s/131741
Mạng Xã Hội,,CÔNG TY TNHH QUẢNG CÁO SÁNG TẠO TIẾP THỊ ĐIỂM,555/GP-BTTTT,https://www.alomuabannhadat.vn,Đang hoạt động,https://giayphep.abei.gov.vn/s/128081
Mạng Xã Hội,,CÔNG TY CỔ PHẦN MOBI-ONE,556/GP-BTTTT,https://www.mobikara.vn; www.mobikara.com; www.singkara.vn,Đang hoạt động,https://giayphep.abei.gov.vn/s/130772
Mạng Xã Hội,,CÔNG TY CỔ PHẦN BẠCH MINH,557/GP-BTTTT,https://www.alome.vn,Đang hoạt động,https://giayphep.abei.gov.vn/s/128792
Mạng Xã Hội,,CÔNG TY TNHH HAIWINMEDIA,551/GP-BTTTT,https://www.hotstar.com.vn,Đang hoạt động,https://giayphep.abei.gov.vn/s/130659
Mạng Xã Hội,,CÔNG TY CỔ PHẦN COOKY,540/GP-BTTTT,https://www.cooky.vn,Đang hoạt động,https://giayphep.abei.gov.vn/s/130686
Mạng Xã Hội,,TRUNG TÂM DỊCH VỤ ĐA PHƯƠNG TIỆN VÀ GIÁ TRỊ GIA TĂNG MOBIFONE - TỔNG CÔNG TY VIỄN THÔNG MOBIFONE,530/GP-BTTTT,https://www.sangtao.funring.vn,Đang hoạt động,https://giayphep.abei.gov.vn/s/128087
Mạng Xã Hội,,CÔNG TY CỔ PHẦN NETLINK,534/GP-BTTTT,https://www.haytuyetvoi.vn; www.hay.tv,Đang hoạt động,https://giayphep.abei.gov.vn/s/130742
Mạng Xã Hội,,CÔNG TY TNHH LIÊN MINH HUYỀN THOẠI VIỆT NAM,528/GP-BTTTT,https://www.lienminh360.vn,Đang hoạt động,https://giayphep.abei.gov.vn/s/131254
Mạng Xã Hội,,CÔNG TY TNHH DỊCH VỤ PHẦN MỀM BÌNH MINH,525/GP-BTTTT,https://www.fo3zone.vn,Đang hoạt động,https://giayphep.abei.gov.vn/s/130839
Mạng Xã Hội,,CÔNG TY CỔ PHẦN TRADENET VIỆT NAM,514/GP-BTTTT,https://www.tradenet.vn,Ngừng hoạt động,https://giayphep.abei.gov.vn/s/130133
Mạng Xã Hội,,CÔNG TY CỔ PHẦN ADSOTA,504/GP-BTTTT,https://www.appstore.vn,Đang hoạt động,https://giayphep.abei.gov.vn/s/130532
Mạng Xã Hội,,CÔNG TY CỔ PHẦN TƯ VẤN THIẾT KẾ TRUYỀN THÔNG HƯNG GIA,499/GP-BTTTT,https://www.trelangkienviet.com.vn; www.trelangkienviet.net,Đang hoạt động,https://giayphep.abei.gov.vn/s/131222
Mạng Xã Hội,,CÔNG TY CỔ PHẦN TRUYỀN THÔNG VĂN MΙΝΗ,497/GP-BTTTT,https://www.haivn.vn,Đang hoạt động,https://giayphep.abei.gov.vn/s/128046
Mạng Xã Hội,,CÔNG TY TNHH TRUYỀN THÔNG VIỆT FAMILY,478/GP-BTTTT,https://www.phunugiadinh.vn,Đang hoạt động,https://giayphep.abei.gov.vn/s/130166
Mạng Xã Hội,,CÔNG TY CỔ PHẦN BẠCH MINH,479/GP-BTTTT,https://www.alome.vn,Ngừng hoạt động,https://giayphep.abei.gov.vn/s/130340
Mạng Xã Hội,,CÔNG TY CỔ PHẦN GAMIFY VIỆT NAM,477/GP-BTTTT,https://www.gamify.vn; www.gamify.com.vn,Đang hoạt động,https://giayphep.abei.gov.vn/s/130227
Mạng Xã Hội,,CÔNG TY CỔ PHẦN XTV,467/GP-BTTTT,https://www.2game.vn,Ngừng hoạt động,https://giayphep.abei.gov.vn/s/128015
Mạng Xã Hội,,CÔNG TY CỔ PHẦN TRUYỀN THÔNG ĐA PHƯƠNG TIỆN HOÀNG GIA,472/GP-BTTTT,https://www.daotaovuabep.vn; www.daotaovuabep.mobi,Đang hoạt động,https://giayphep.abei.gov.vn/s/130107
Mạng Xã Hội,,CÔNG TY CỔ PHẦN TRUYỀN THÔNG QUẢ CHANH,463/GP-BTTTT,https://www.sachtot.vn,Đang hoạt động,https://giayphep.abei.gov.vn/s/130163
Mạng Xã Hội,,TRUNG TÂM PHÁT TRIỂN GIÁO DỤC VÀ TRUYỀN THÔNG,465/GP-BTTTT,https://www.thoinet.vn,Đang hoạt động,https://giayphep.abei.gov.vn/s/129816
Mạng Xã Hội,,CÔNG TY CỔ PHẦN CÔNG NGHỆ VÀ DỊCH VỤ ICT VIỆT NAM,456/GP-BTTTT,https://www.m-edu.vn,Đang hoạt động,https://giayphep.abei.gov.vn/s/128540
Mạng Xã Hội,,TỔNG CÔNG TY VIỄN THÔNG VIETTEL,452/GP-BTTTT,https://www.videohay.vn,Đang hoạt động,https://giayphep.abei.gov.vn/s/130104
Mạng Xã Hội,,CÔNG TY CỔ PHẦN BẠCH MINH,450/GP-BTTTT,https://www.ilive.vn,Đang hoạt động,https://giayphep.abei.gov.vn/s/129892
Mạng Xã Hội,,CÔNG TY CỔ PHẦN KẾT NỐI DOTMARK,449/GP-BTTTT,https://www.zazu.vn,Đang hoạt động,https://giayphep.abei.gov.vn/s/127980
Mạng Xã Hội,,CÔNG TY CỔ PHẦN BỐNG BỐNG BANG BANG,442/GP-BTTTT,https://www.bang.vn,Đang hoạt động,https://giayphep.abei.gov.vn/s/130108
Mạng Xã Hội,,CÔNG TY CỔ PHẦN DỊCH VỤ VIỄN THÔNG SUNTEL VIỆT NAM,441/GP-BTTTT,https://www.menglish.vn,Ngừng hoạt động,https://giayphep.abei.gov.vn/s/128816
Mạng Xã Hội,,CÔNG TY TNHH RGK MOBILE,443/GP-BTTTT,https://www.supergirls.vn,Đang hoạt động,https://giayphep.abei.gov.vn/s/129726
Mạng Xã Hội,,CÔNG TY CỔ PHẦN TRUYỀN THÔNG QUẢ CHANH,440/GP-BTTTT,https://www.kenhnhac.vn,Đang hoạt động,https://giayphep.abei.gov.vn/s/127965
Mạng Xã Hội,,CÔNG TY TNHH FUNBOX MEDIA,433/GP-BTTTT,https://www.funbox.vn,Đang hoạt động,https://giayphep.abei.gov.vn/s/129615
Mạng Xã Hội,,CÔNG TY CỔ PHẦN SMCORP,434/GP-BTTTT,https://www.okara.vn,Đang hoạt động,https://giayphep.abei.gov.vn/s/130093
Mạng Xã Hội,,CÔNG TY TNHH RGK MOBILE,431/GP-BTTTT,https://www.dancing.vn,Đang hoạt động,https://giayphep.abei.gov.vn/s/130784
Mạng Xã Hội,,CÔNG TY CỔ PHẦN FINIZZ,432/GP-BTTTT,https://www.finizz.com; www.finizz.vn,Đang hoạt động,https://giayphep.abei.gov.vn/s/129595
Mạng Xã Hội,,CÔNG TY CỔ PHẦN FAMILALA,435/GP-BTTTT,https://www.familala.vn; www.familala.com.vn; www.familala.com,Đang hoạt động,https://giayphep.abei.gov.vn/s/131214
Mạng Xã Hội,,CÔNG TY TNHH DỊCH VỤ KC VIỆT NAM,426/GP-BTTTT,https://www.beautifun.vn,Đang hoạt động,https://giayphep.abei.gov.vn/s/129545
Mạng Xã Hội,,CÔNG TY CỔ PHẦN ĐẦU TƯ CÔNG NGHỆ THÀNH ĐẠT,419/GP-BTTTT,https://www.myfilm.vn,Đang hoạt động,https://giayphep.abei.gov.vn/s/129520
Mạng Xã Hội,,CÔNG TY TNHH TRUYỀN THÔNG UMBALA,411/GP-BTTTT,https://www.umbala.net.vn; www.umbala.tv,Đang hoạt động,https://giayphep.abei.gov.vn/s/129486
Mạng Xã Hội,,CÔNG TY CỔ PHẦN PHÁT TRIỂN TRUYỀN THÔNG VIVO,410/GP-BTTTT,https://www.vivo.vn,Đang hoạt động,https://giayphep.abei.gov.vn/s/129446
Mạng Xã Hội,,CÔNG TY CỔ PHẦN NETLINK,396/GP-BTTTT,https://www.haytuyetvoi.vn,Ngừng hoạt động,https://giayphep.abei.gov.vn/s/129235
Mạng Xã Hội,,CÔNG TY CỔ PHẦN SOCIAL8 ASIA,397/GP-BTTTT,https://www.saovui.vn,Đang hoạt động,https://giayphep.abei.gov.vn/s/130085
Mạng Xã Hội,,CÔNG TY TNHH HAIWINMEDIA,398/GP-BTTTT,https://www.hotstar.com.vn,Ngừng hoạt động,https://giayphep.abei.gov.vn/s/129359
Mạng Xã Hội,,CÔNG TY TNHH CÔNG NGHỆ VÀ DỊCH VỤ B.A.Y,395/GP-BTTTT,https://www.tivi247.vn,Đang hoạt động,https://giayphep.abei.gov.vn/s/130072
Mạng Xã Hội,,CÔNG TY TNHH ĐỊA ĐIỂM ĂN UỐNG,394/GP-BTTTT,https://www.diadiemanuong.biz.vn; www.diadiemanuong.com,Đang hoạt động,https://giayphep.abei.gov.vn/s/131126
Mạng Xã Hội,,CÔNG TY CỔ PHẦN BẠCH MINH,392/GP-BTTTT,https://www.avideo.vn,Đang hoạt động,https://giayphep.abei.gov.vn/s/130775
Mạng Xã Hội,,CÔNG TY CỔ PHẦN ỨNG DỤNG VÀ TRUYỀN THÔNG X7PLUS,391/GP-BTTTT,https://www.vietdvm.vn; www.vietdvm.com,Đang hoạt động,https://giayphep.abei.gov.vn/s/130064
Mạng Xã Hội,,CÔNG TY CỔ PHẦN BẠCH MINH,390/GP-BTTTT,https://www.viclip.vn,Đang hoạt động,https://giayphep.abei.gov.vn/s/130813
Mạng Xã Hội,,TỔNG CÔNG TY TRUYỀN THÔNG (VNPT),393/GP-BTTTT,https://www.megaball.vn,Đang hoạt động,https://giayphep.abei.gov.vn/s/129564
Mạng Xã Hội,,CÔNG TY CỔ PHẦN CÔNG NGHỆ VÀ THƯƠNG MẠI GREENLIFE,387/GP-BTTTT,https://www.suckhoe.vn,Đang hoạt động,https://giayphep.abei.gov.vn/s/128523
Mạng Xã Hội,,CÔNG TY CỔ PHẦN CÔNG NGHỆ VÀ THƯƠNG MẠI GREENLIFE,388/GP-BTTTT,https://www.robocon.com.vn,Đang hoạt động,https://giayphep.abei.gov.vn/s/130205
Mạng Xã Hội,,CÔNG TY CỔ PHẦN TRUYỀN THÔNG CÔNG NGHỆ ĐA PHƯƠNG TIỆN INFOK,385/GP-BTTTT,https://www.infok.vn,Đang hoạt động,https://giayphep.abei.gov.vn/s/128011
Mạng Xã Hội,,CÔNG TY CỔ PHẦN HIỆP HÒA NET,376/GP-BTTTT,https://www.hiephoanet.vn,Đang hoạt động,https://giayphep.abei.gov.vn/s/128010
Mạng Xã Hội,,CÔNG TY CỔ PHẦN DƯỢC PHẨM VINH GIA,254/GP-BTTTT,https://www.bekhoemevui.net.vn,Đang hoạt động,https://giayphep.abei.gov.vn/s/130051
Mạng Xã Hội,,CÔNG TY TNHH GIẢI TRÍ VÀ TRUYỀN THÔNG ARIS,253/GP-BTTTT,https://www.webkheotay.vn,Đang hoạt động,https://giayphep.abei.gov.vn/s/129197
Mạng Xã Hội,,CÔNG TY CỔ PHẦN DƯỢC PHẨM VINH GIA,255/GP-BTTTT,https://www.caolonthongminh.com.vn,Đang hoạt động,https://giayphep.abei.gov.vn/s/130059
Mạng Xã Hội,,CÔNG TY CỔ PHẦN TRUYỀN THÔNG QUẢNG CÁO A&D,248/GP-BTTTT,https://www.forum.autodaily.vn,Đang hoạt động,https://giayphep.abei.gov.vn/s/129223
Mạng Xã Hội,,CÔNG TY CỔ PHẦN TIÊU ĐIỂM VIỆT NAM,206/GP-BTTTT,https://www.tieudiemviet.vn,Đang hoạt động,https://giayphep.abei.gov.vn/s/130828
Mạng Xã Hội,,TỔNG CÔNG TY TRUYỀN THÔNG (VNPT),185/GP-BTTTT,https://www.tvhay.com.vn; www.tvhay.vn,Đang hoạt động,https://giayphep.abei.gov.vn/s/131024
Mạng Xã Hội,,TỔNG CÔNG TY TRUYỀN THÔNG (VNPT),169/GP-BTTTT,https://www.megaclip.com.vn,Đang hoạt động,https://giayphep.abei.gov.vn/s/130143
Mạng Xã Hội,,TỔNG CÔNG TY TRUYỀN THÔNG (VNPT),171/GP-BTTTT,https://www.mwinpro.com.vn; www.mwinpro.vn,Ngừng hoạt động,https://giayphep.abei.gov.vn/s/130234
Mạng Xã Hội,,TỔNG CÔNG TY TRUYỀN THÔNG (VNPT),170/GP-BTTTT,https://www.mytvmobile.vn; www.mytvmobile.com.vn,Đang hoạt động,https://giayphep.abei.gov.vn/s/130037
Mạng Xã Hội,,CÔNG TY CỔ PHẦN TRUYỀN THÔNG AN GIA,159/GP-BTTTT,https://www.sayyoudo.vn,Ngừng hoạt động,https://giayphep.abei.gov.vn/s/130036
Mạng Xã Hội,,CÔNG TY TNHH KỸ THUẬT ĐIỆN VÀ CƠ KHÍ 989,149/GP-BTTTT,https://www.989me.vn,Đang hoạt động,https://giayphep.abei.gov.vn/s/130034
Mạng Xã Hội,,CÔNG TY TNHH HỘI QUÁN CÁC BÀ MẸ,148/GP-BTTTT,https://www.hoiquancacbame.com.vn,Đang hoạt động,https://giayphep.abei.gov.vn/s/129909
Mạng Xã Hội,,CÔNG TY TNHH TRUYỀN THÔNG MEDIHUB,145/GP-BTTTT,https://www.medihub.vn,Đang hoạt động,https://giayphep.abei.gov.vn/s/130004
Mạng Xã Hội,,CÔNG TY TNHH TRUYỀN THÔNG ĐA PHƯƠNG TIỆN CGD GROUP,144/GP-BTTTT,https://www.khoedepplus.vn,Đang hoạt động,https://giayphep.abei.gov.vn/s/127858
Mạng Xã Hội,Aschool,CÔNG TY CỔ PHẦN 3A MEDIA,146/GP-BTTTT,https://www.aschool.vn,Đang hoạt động,https://giayphep.abei.gov.vn/s/129561
Mạng Xã Hội,,CÔNG TY TNHH ILEX,140/GP-BTTTT,https://www.hayhogi.vn; www.hayhogi.com.vn,Đang hoạt động,https://giayphep.abei.gov.vn/s/130000
Mạng Xã Hội,,CÔNG TY TNHH TROLL,133/GP-BTTTT,https://www.cauthu.com.vn,Đang hoạt động,https://giayphep.abei.gov.vn/s/128149
Mạng Xã Hội,,CÔNG TY CỔ PHẦN CENTECH INTERACTIVE,128/GP-BTTTT,https://www.vthethao.vn,Đang hoạt động,https://giayphep.abei.gov.vn/s/131109
Mạng Xã Hội,,CÔNG TY TNHH THƯƠNG MẠI VÀ DỊCH VỤ HYPER,126/GP-BTTTT,https://www.mixbox.vn,Đang hoạt động,https://giayphep.abei.gov.vn/s/129995
Mạng Xã Hội,,CÔNG TY CỔ PHẦN TRUYỀN SỐ LIỆU VIỆT NAM,125/GP-BTTTT,https://www.bigidol.vn,Ngừng hoạt động,https://giayphep.abei.gov.vn/s/129991
Mạng Xã Hội,,CÔNG TY CỔ PHẦN CÔNG NGHỆ VÀ TẦM NHÌN YÊU ÂM NHẠC,123/GP-BTTTT,https://www.dienanh.net; www.dienanhnet.vn,Đang hoạt động,https://giayphep.abei.gov.vn/s/128148
Mạng Xã Hội,,CÔNG TY CỔ PHẦN TRUYỀN THÔNG VÀ CÔNG NGHỆ NEWSTAR,121/GP-BTTTT,https://www.vpoki.vn,Đang hoạt động,https://giayphep.abei.gov.vn/s/131363
Mạng Xã Hội,,CÔNG TY CỔ PHẦN TRUYỀN THÔNG VÀ CÔNG NGHỆ 3T VIỆT NAM,119/GP-BTTTT,https://www.izigame.vn,Đang hoạt động,https://giayphep.abei.gov.vn/s/129982
Mạng Xã Hội,,CÔNG TY CỔ PHẦN TRUYỀN THÔNG VÀ CÔNG NGHỆ 3T VIỆT NAM,90/GP-BTTTT,https://www.izienglish.vn,Đang hoạt động,https://giayphep.abei.gov.vn/s/130734
Mạng Xã Hội,,CÔNG TY CỔ PHẦN CÔNG NGHỆ VÀ TRUYỀN THÔNG MPLUS,99/GP-BTTTT,https://www.haylive.vn,Đang hoạt động,https://giayphep.abei.gov.vn/s/128128
Mạng Xã Hội,,CÔNG TY CỔ PHẦN SKYNET VIỆT NAM,101/GP-BTTTT,https://www.clip24h.mobi; www.phimhay365.vn,Đang hoạt động,https://giayphep.abei.gov.vn/s/129544
Mạng Xã Hội,,NHÀ VĂN HÓA SINH VIÊN THÀNH PHỐ HỒ CHÍ MINH,100/GP-BTTTT,https://www.1up.vn,Ngừng hoạt động,https://giayphep.abei.gov.vn/s/127891
Trang TTĐT Tổng Hợp,Không có,BỘ DÂN TỘC VÀ TÔN GIÁO,221/GP-TTĐT,http://www.bdttg.gov.vn/; http://www.moera.gov.vn/,Đang hoạt động,https://giayphep.abei.gov.vn/i/131746
Trang TTĐT Tổng Hợp,Co - op Bank - Thông tin Ngân hàng Hợp tác xã Việt Nam,NGÂN HÀNG NHÀ NƯỚC VIỆT NAM,222/GP-TTĐT,https://co-opbank.vn/,Đang hoạt động,https://giayphep.abei.gov.vn/i/131744
Trang TTĐT Tổng Hợp,Trang thông tin điện tử tổng hợp Trường Cán bộ thanh tra,THANH TRA CHÍNH PHỦ,220/GP-TTĐT,http://www.thanhtra.edu.vn/,Đang hoạt động,https://giayphep.abei.gov.vn/i/131747
Trang TTĐT Tổng Hợp,,"CỤC ĐỔI MỚI SÁNG TẠO, CHUYỂN ĐỔI XANH VÀ KHUYẾN CÔNG",75 /GP-TTĐT,http://igip.gov.vn và http://dck.gov.vn,Đang hoạt động,https://giayphep.abei.gov.vn/i/115640
Trang TTĐT Tổng Hợp,,TRUNG TÂM THÔNG TIN CÔNG NGHIỆP VÀ THƯƠNG MẠI,65 /GP-TTĐT,https://www.logistics.gov.vn,Đang hoạt động,https://giayphep.abei.gov.vn/i/115639
Trang TTĐT Tổng Hợp,,BAN CHẤP HÀNH TRUNG ƯƠNG ĐẢNG CỘNG SẢN VIỆT NAM,64 /GP-TTĐT,https://www.cscltw.dcs.vn,Đang hoạt động,https://giayphep.abei.gov.vn/i/115638
Trang TTĐT Tổng Hợp,,CÔNG TY CỔ PHẦN VIỆT NAM GOLF,03 /GP-BTTTT,https://www.vHandicap.vn,Đang hoạt động,https://giayphep.abei.gov.vn/i/115641
Trang TTĐT Tổng Hợp,,CÔNG TY CỔ PHẦN TỔNG CÔNG TY TRUYỀN HÌNH CÁP VIỆT NAM,328/GP-TTĐT,https://www.vtvcab.vn,Đang hoạt động,https://giayphep.abei.gov.vn/i/127658
Trang TTĐT Tổng Hợp,,CÔNG ĐOÀN NÔNG NGHIỆP VÀ PHÁT TRIỂN NÔNG THÔN VIỆT NAM,327/GP-TTĐT,http://congdoannongnghiep.org.vn,Đang hoạt động,https://giayphep.abei.gov.vn/i/128738
Trang TTĐT Tổng Hợp,,Tạp chí Đồ uống Việt Nam,312/GP-TTĐT,https://tapchidouong.com.vn,Đang hoạt động,https://giayphep.abei.gov.vn/i/127657
Trang TTĐT Tổng Hợp,,BAN KINH TẾ TRUNG ƯƠNG,309/GP-TTĐT,http://www.kinhtetrunguong.vn,Đang hoạt động,https://giayphep.abei.gov.vn/i/128133
Trang TTĐT Tổng Hợp,,HỘI KINH TẾ MÔI TRƯỜNG VIỆT NAM,307/GP-TTĐT,http://www.kinhtexanh.vn,Đang hoạt động,https://giayphep.abei.gov.vn/i/128616
Trang TTĐT Tổng Hợp,,SỞ THÔNG TIN VÀ TRUYỀN THÔNG TỈNH HẢI DƯƠNG,301/GP-TTĐT,https://https:/thongtinoingoai.haiduong.gov.vn,Đang hoạt động,https://giayphep.abei.gov.vn/i/130493
Trang TTĐT Tổng Hợp,,SỞ THÔNG TIN VÀ TRUYỀN THÔNG HẢI DƯƠNG,300/GP-TTĐT,https://sotttt.haiduong.gov.vn,Đang hoạt động,https://giayphep.abei.gov.vn/i/129490
Trang TTĐT Tổng Hợp,,SỞ THÔNG TIN VÀ TRUYỀN THÔNG TỈNH GIA LAI,297/GP-TTĐT,http://stttt.gialai.gov.vn,Đang hoạt động,https://giayphep.abei.gov.vn/i/128922
Trang TTĐT Tổng Hợp,,BAN TÔN GIÁO CHÍNH PHỦ,299/GP-TTĐT,https://btgcp.gov.vn; https://religion.vn,Đang hoạt động,https://giayphep.abei.gov.vn/i/129226
Trang TTĐT Tổng Hợp,,SỞ THÔNG TIN VÀ TRUYỀN THÔNG HẢI DƯƠNG,302/GP-TTĐT,https://chuyendoiso.haiduong.gov.vn,Đang hoạt động,https://giayphep.abei.gov.vn/i/128920
Trang TTĐT Tổng Hợp,,BAN NỘI CHÍNH TRUNG ƯƠNG,298/GP-TTĐT,https://www.noichinh.vn; www.noichinh.org.vn,Ngừng hoạt động,https://giayphep.abei.gov.vn/i/127866
Trang TTĐT Tổng Hợp,,HỘI KHOA HỌC KINH TẾ Y TẾ VIỆT NAM,281/GP-TTĐT,http://kinhteyte.com,Đang hoạt động,https://giayphep.abei.gov.vn/i/128084
Trang TTĐT Tổng Hợp,,"TRUNG TÂM ĐÀO TẠO, BỒI DƯỠNG VÀ CUNG ỨNG DỊCH VỤ DÂN SỐ",278/GP-TTĐT,https://www.cpts.vn,Đang hoạt động,https://giayphep.abei.gov.vn/i/131108
Trang TTĐT Tổng Hợp,,ĐÀI PHÁT THANH VÀ TRUYỀN HÌNH HÀ GIANG,255/GP-TTĐT,https://www.hagiangtv.vn,Đang hoạt động,https://giayphep.abei.gov.vn/i/130225
Trang TTĐT Tổng Hợp,,TRUNG TÂM CON NGƯỜI VÀ THIÊN NHIÊN,243/GP-TTĐT,https://www.nature.com.vn; www.thiennhien.net,Đang hoạt động,https://giayphep.abei.gov.vn/i/127760
Trang TTĐT Tổng Hợp,,ĐÀI PHÁT THANH VÀ TRUYỀN HÌNH ĐỒNG THÁP,244/GP-TTĐT,https://www.thdt.vn,Đang hoạt động,https://giayphep.abei.gov.vn/i/128851
Trang TTĐT Tổng Hợp,,VIỆN NGHIÊN CỨU PHÁP LUẬT BẢO VỆ DOANH NGHIỆP VÀ NGƯỜI TIÊU DÙNG,231/GP-TTĐT,https://www.plcl.net.vn,Đang hoạt động,https://giayphep.abei.gov.vn/i/129016
Trang TTĐT Tổng Hợp,,ĐÀI PHÁT THANH VÀ TRUYỀN HÌNH TỈNH THỪA THIÊN HUẾ,218/GP-TTĐT,https://www.trt.com.vn; www.trt.vn,Đang hoạt động,https://giayphep.abei.gov.vn/i/128696
Trang TTĐT Tổng Hợp,,SỞ THÔNG TIN VÀ TRUYỀN THÔNG YÊN BÁI,217/GP-TTĐT,https://sotttt.yenbai.gov.vn,Đang hoạt động,https://giayphep.abei.gov.vn/i/129303
Trang TTĐT Tổng Hợp,,TẠP CHÍ DOANH NGHIỆP VÀ TRANG TRẠI VIỆT NAM,21/GP-TTĐT,https://www.dnttvn.com,Đang hoạt động,https://giayphep.abei.gov.vn/i/130049
Trang TTĐT Tổng Hợp,,TRUNG TÂM BẢO KHOA HỌC VÀ PHÁT TRIỂN – TIA SÁNG,09/GP-TTĐT,http://khoahocphattrien.vn,Đang hoạt động,https://giayphep.abei.gov.vn/i/129233
Trang TTĐT Tổng Hợp,,VIỆN BÁO CHÍ VÀ TRUYỀN THÔNG XÃ HỘI,06/GP-TTĐT,http://vnvm.vn,Đang hoạt động,https://giayphep.abei.gov.vn/i/130760
Trang TTĐT Tổng Hợp,,VIỆN NGHIÊN CỨU CHIẾN LƯỢC THƯƠNG HIỆU VÀ CẠNH TRANH,218/GP-TTĐT,https://bcsi.edu.vn,Đang hoạt động,https://giayphep.abei.gov.vn/i/131293
Trang TTĐT Tổng Hợp,,VIỆN NGHIÊN CỨU Y DƯỢC HỌC THĂNG LONG,216/GP-TTĐT,http://yduochocngaynay.vn,Ngừng hoạt động,https://giayphep.abei.gov.vn/i/129260
Trang TTĐT Tổng Hợp,,SỞ THÔNG TIN VÀ TRUYỀN THÔNG SƠN LA,207/GP-TTĐT,https://sotttt.sonla.gov.vn,Đang hoạt động,https://giayphep.abei.gov.vn/i/131260
Trang TTĐT Tổng Hợp,,BAN QUẢN LÝ LĂNG CHỦ TỊCH HỒ CHÍ MINH,193/GP-TTĐT,"https://www.bqlang.gov.vn, www.hcmm.gov.vn",Đang hoạt động,https://giayphep.abei.gov.vn/i/128405
Trang TTĐT Tổng Hợp,,LIÊN ĐOÀN THƯƠNG MẠI VÀ CÔNG NGHIỆP VIỆT NAM,190/GP-TTĐT,http://vcci.com.vn,Đang hoạt động,https://giayphep.abei.gov.vn/i/129312
Trang TTĐT Tổng Hợp,,TẠP CHÍ VĂN NGHỆ XỨ THANH,187/GP-TTĐT,https://www.tapchixuthanh.vn,Đang hoạt động,https://giayphep.abei.gov.vn/i/131237
Trang TTĐT Tổng Hợp,,ĐÀI PHÁT THANH - TRUYỀN HÌNH TỈNH SƠN LA,179/GP-TTĐT,https://sonlatv.vn,Đang hoạt động,https://giayphep.abei.gov.vn/i/129902
Trang TTĐT Tổng Hợp,,LIÊN MINH HỢP TÁC XÃ VIỆT NAM,175/GP-TTĐT,https://www.vca.org.vn,Đang hoạt động,https://giayphep.abei.gov.vn/i/130454
Trang TTĐT Tổng Hợp,,ĐÀI PHÁT THANH - TRUYỀN HÌNH ĐÀ NẴNG,176/GP-TTĐT,https://www.danangtv.vn,Đang hoạt động,https://giayphep.abei.gov.vn/i/128093
Trang TTĐT Tổng Hợp,,VIỆN NGHIÊN CỨU CÁC VẤN ĐỀ XÃ HỘI,178/GP-TTĐT,https://www.duluanxahoi.vn,Ngừng hoạt động,https://giayphep.abei.gov.vn/i/128904
Trang TTĐT Tổng Hợp,,"TRUNG TÂM ĐIỀU TRA, THÔNG TIN VÀ DỮ LIỆU VỀ MÔI TRƯỜNG, ĐA DẠNG SINH HỌC",167/GP-TTĐT,https://www.cebid.vn; www.cebid.nbca.gov.vn,Đang hoạt động,https://giayphep.abei.gov.vn/i/127790
Trang TTĐT Tổng Hợp,,TRUNG TÂM THÔNG TIN – TRUYỀN THÔNG THỂ DỤC THỂ THAO,157/GP-TTĐT,http://thethaovietnamplus.vn,Đang hoạt động,https://giayphep.abei.gov.vn/i/130578
Trang TTĐT Tổng Hợp,,HIỆP HỘI CHO THUÊ TÀI CHÍNH VIỆT NAM,159/GP-TTĐT,"https://www.vilea.com.vn, www.hiephoichothuetaichinh.com.vn",Đang hoạt động,https://giayphep.abei.gov.vn/i/128845
Trang TTĐT Tổng Hợp,,VIỆN NGHIÊN CỨU CHÍNH SÁCH PHÁP LUẬT VÀ KINH TẾ HỘI NHẬP,140/GP-TTĐT,https://www.chinhsachphapluat.vn,Đang hoạt động,https://giayphep.abei.gov.vn/i/129628
Trang TTĐT Tổng Hợp,,SỞ THÔNG TIN VÀ TRUYỀN THÔNG BẮC KẠN,127/GP-TTĐT,https://chuyendoiso.backan.gov.vn,Đang hoạt động,https://giayphep.abei.gov.vn/i/128910
Trang TTĐT Tổng Hợp,,QUỸ BẢO TRỢ TRẺ EM VIỆT NAM,122/GP-TTĐT,http://www.nfvc.org.vn,Ngừng hoạt động,https://giayphep.abei.gov.vn/i/127840
Trang TTĐT Tổng Hợp,,"VIỆN NGHIÊN CỨU THANH TRA VÀ PHÒNG, CHỐNG THAM NHŨNG",116/GP-TTĐT,https://www.phongchongthamnhung.com.vn,Đang hoạt động,https://giayphep.abei.gov.vn/i/129241
Trang TTĐT Tổng Hợp,,BẢO TÀNG HỒ CHÍ MINH,109/GP-TTĐT,https://www.baotanghochiminh.vn,Đang hoạt động,https://giayphep.abei.gov.vn/i/131266
Trang TTĐT Tổng Hợp,,TRUNG TÂM THÔNG TIN CÔNG NGHIỆP VÀ THƯƠNG MẠI,103/GP-TTĐT,https://www.thuongmaimiennui.gov.vn; www.sanphamvungmien.vn,Đang hoạt động,https://giayphep.abei.gov.vn/i/128068
Trang TTĐT Tổng Hợp,,ĐÀI PHÁT THANH VÀ TRUYỀN HÌNH NINH THUẬN,85/GP-TTĐT,https://ninhthuantv.vn,Đang hoạt động,https://giayphep.abei.gov.vn/i/129242
Trang TTĐT Tổng Hợp,,VIỆN DINH DƯỠNG,89/GP-TTĐT,https://www.viendinhduong.vn; www.dinhduong.org.vn; www.nutrition.org.vn,Đang hoạt động,https://giayphep.abei.gov.vn/i/128678
Trang TTĐT Tổng Hợp,,TRUNG TÂM THÔNG TIN – TRUYỀN THÔNG - BAN THI ĐUA - KHEN THƯỞNG TRUNG ƯƠNG,88/GP-TTĐT,https://www.thiduakhenthuong.vn.org.vn,Đang hoạt động,https://giayphep.abei.gov.vn/i/128426
Trang TTĐT Tổng Hợp,,ĐÀI PHÁT THANH - TRUYỀN HÌNH CAO BẰNG,86/GP-TTĐT,http://caobangtv.vn,Đang hoạt động,https://giayphep.abei.gov.vn/i/129012
Trang TTĐT Tổng Hợp,,TẠP CHÍ TIẾP THỊ VÀ GIA ĐÌNH,82/GP-TTĐT,https://www.tiepthigiadinh.vn,Đang hoạt động,https://giayphep.abei.gov.vn/i/128690
Trang TTĐT Tổng Hợp,,VIỆN NGHIÊN CỨU PHÁP LUẬT VỀ MÔI TRƯỜNG,83/GP-TTĐT,https://www.phapluatvemoitruong.vn,Đang hoạt động,https://giayphep.abei.gov.vn/i/128744
Trang TTĐT Tổng Hợp,,ĐÀI TRUYỀN HÌNH THÀNH PHỐ HỒ CHÍ MINH,80/GP-TTĐT,http://www.htv.com.vn,Đang hoạt động,https://giayphep.abei.gov.vn/i/130088
Trang TTĐT Tổng Hợp,,ĐÀI PHÁT THANH VÀ TRUYỀN HÌNH HÀ NỘI,63/GP-TTĐT,"https://www.hanoitv.vn, www.hanoionline.com",Đang hoạt động,https://giayphep.abei.gov.vn/i/127697
Trang TTĐT Tổng Hợp,,ĐÀI TRUYỀN HÌNH KỸ THUẬT SỐ VTC,62/GP-TTĐT,"http://www.vtcnow.vn, http://www.vtc.gov.vn, http://www.vtcnow.com.vn",Đang hoạt động,https://giayphep.abei.gov.vn/i/130667
Trang TTĐT Tổng Hợp,,TẠP CHÍ HÀN QUỐC,61/GP-TTĐT,https://www.krav.vn,Ngừng hoạt động,https://giayphep.abei.gov.vn/i/128756
Trang TTĐT Tổng Hợp,,TẠP CHÍ THỂ THAO VÀ CUỘC SỐNG,59/GP-TTĐT,https://www.thethaocuocsong.vn,Đang hoạt động,https://giayphep.abei.gov.vn/i/127789
Trang TTĐT Tổng Hợp,,"TRUNG TÂM ĐIỀU TRA, THÔNG TIN VÀ DỮ LIỆU VỀ MÔI TRƯỜNG, ĐA DẠNG SINH HỌC",58/GP-TTĐT,https://www.cebid.gov.vn; www.cebid.nbca.gov.vn,Ngừng hoạt động,https://giayphep.abei.gov.vn/i/130679
Trang TTĐT Tổng Hợp,,SỞ THÔNG TIN VÀ TRUYỀN THÔNG BẮC KẠN,55/GP-TTĐT,https://www.ict.backan.gov.vn.,Ngừng hoạt động,https://giayphep.abei.gov.vn/i/129266
Trang TTĐT Tổng Hợp,,CỤC BIỂN VÀ HẢI ĐẢO VIỆT NAM,56/GP-TTĐT,https://www.vasi.gov.vn,Đang hoạt động,https://giayphep.abei.gov.vn/i/129187
Trang TTĐT Tổng Hợp,,CỤC BẢO TỒN THIÊN NHIÊN VÀ ĐA DẠNG SINH HỌC,57/GP-TTĐT,"https://www.nbca.gov.vn, www.nbca.monre.gov.vn",Đang hoạt động,https://giayphep.abei.gov.vn/i/128361
Trang TTĐT Tổng Hợp,,HỘI CỰU CHIẾN BINH VIỆT NAM,54/GP-TTĐT,https://www.hoiccbvietnam.vn,Đang hoạt động,https://giayphep.abei.gov.vn/i/131047
Trang TTĐT Tổng Hợp,,VIỆN KIỂM SÁT NHÂN DÂN TỐI CAO,44/GP-TTĐT,"https://vksndtc.gov.vn, www.vks.gov.vn",Đang hoạt động,https://giayphep.abei.gov.vn/i/128383
Trang TTĐT Tổng Hợp,,CỤC THÔNG TIN ĐỐI NGOẠI,36/GP-TTĐT,"https://www.vietnam.vn, www.thongtindoingoai.vn",Ngừng hoạt động,https://giayphep.abei.gov.vn/i/129028
Trang TTĐT Tổng Hợp,,CỤC THÔNG TIN ĐỐI NGOẠI,35/GP-TTĐT,https://www.asean.vietnam.vn; www.aseanvietnam.vn; www.vietnamasean.vn,Ngừng hoạt động,https://giayphep.abei.gov.vn/i/130468
Trang TTĐT Tổng Hợp,,VIỆN PHÁT TRIỂN VĂN HÓA CHĂM SÓC SỨC KHỎE CỘNG ĐỒNG,54/GP-TTĐT,https://www.vanhoasuckhoecongdong.vn,Đang hoạt động,https://giayphep.abei.gov.vn/i/128100
Trang TTĐT Tổng Hợp,,ĐÀI PHÁT THANH VÀ TRUYỀN HÌNH HÀ NỘI,28/GP-TTĐT,"https://www.hanoitv.vn, www.hanoionline.com",Ngừng hoạt động,https://giayphep.abei.gov.vn/i/127850
Trang TTĐT Tổng Hợp,,NGÂN HÀNG PHÁT TRIỂN VIỆT NAM,29/GP-TTĐT,https://www.vdb.gov.vn,Đang hoạt động,https://giayphep.abei.gov.vn/i/128448
Trang TTĐT Tổng Hợp,,ĐÀI PHÁT THANH VÀ TRUYỀN HÌNH HẢI PHÒNG,26/GP-TTĐT,https://www.thhp.vn,Ngừng hoạt động,https://giayphep.abei.gov.vn/i/129412
Trang TTĐT Tổng Hợp,,HỘI DẦU KHÍ VIỆT NAM,108/GP-TTĐT,https://www.hoidaukhi.vn,Đang hoạt động,https://giayphep.abei.gov.vn/i/127698
Trang TTĐT Tổng Hợp,,TRUNG TÂM TRUYỀN THÔNG - GIÁO DỤC SỨC KHỎE TRUNG ƯƠNG,180/GP-TTĐT,https://www.t5g.org.vn,Đang hoạt động,https://giayphep.abei.gov.vn/i/129872
Trang TTĐT Tổng Hợp,,VỤ KHOA HỌC VÀ CÔNG NGHỆ,178/GP-TTĐT,http://khcncongthuong.vn và http://moitsciencetech.vn,Đang hoạt động,https://giayphep.abei.gov.vn/i/128983
Trang TTĐT Tổng Hợp,,TẠO CHÍ KHOA HỌC VÀ CÔNG NGHỆ NĂNG LƯỢNG,184/GP-TTĐT,https://www.energyscience.com.vn,Ngừng hoạt động,https://giayphep.abei.gov.vn/i/128732
Trang TTĐT Tổng Hợp,,SỞ THÔNG TIN VÀ TRUYỀN THÔNG THÀNH PHỐ HÀ NỘI,169/GP-TTĐT,https://www.thudoxanhsachdep.hanoi.gov.vn,Ngừng hoạt động,https://giayphep.abei.gov.vn/i/128136
Trang TTĐT Tổng Hợp,,SỞ THÔNG TIN VÀ TRUYỀN THÔNG BẮC KẠN,167/GP-TTĐT,https://sott.tt@backan.gov.vn,Ngừng hoạt động,https://giayphep.abei.gov.vn/i/130685
Trang TTĐT Tổng Hợp,,ỦY BAN GIÁM SÁT TÀI CHÍNH QUỐC GIA,168/GP-TTĐT,"http://nfsc.gov.vn, http://uybangiamsattaichinhquocgia.gov.vn",Đang hoạt động,https://giayphep.abei.gov.vn/i/128058
Trang TTĐT Tổng Hợp,,HIỆP HỘI NƯỚC MẮM VIỆT NAM,157/GP-TTĐT,https://www.hiephoinuocmamvietnam.org.vn,Đang hoạt động,https://giayphep.abei.gov.vn/i/128699
Trang TTĐT Tổng Hợp,,ĐÀI PHÁT THANH VÀ TRUYỀN HÌNH THÀNH PHỐ CẦN THƠ,153/GP-TTĐT,https://www.canthotv.vn; www.thtpct.vn; www.canthoradio.vn,Ngừng hoạt động,https://giayphep.abei.gov.vn/i/131322
Trang TTĐT Tổng Hợp,,TẠP CHÍ TIẾP THỊ VÀ GIA ĐÌNH,152/GP-TTĐT,https://www.tiepthivagiadinh.net.vn,Ngừng hoạt động,https://giayphep.abei.gov.vn/i/128111
Trang TTĐT Tổng Hợp,,TRUNG TÂM INTERNET VIỆT NAM,142/GP-TTĐT,http://www.vnnic.vn,Đang hoạt động,https://giayphep.abei.gov.vn/i/128715
Trang TTĐT Tổng Hợp,,SỞ THÔNG TIN VÀ TRUYỀN THÔNG TỈNH VĨNH PHÚC,141/GP-TTĐT,https://vinhphuc.gov.vn,Đang hoạt động,https://giayphep.abei.gov.vn/i/128913
Trang TTĐT Tổng Hợp,,VIỆN PHÁT TRIỂN DOANH NGHIỆP VÀ TÀI NĂNG VIỆT NAM,140/GP-TTĐT,https://www.ivn.net.vn,Đang hoạt động,https://giayphep.abei.gov.vn/i/130020
Trang TTĐT Tổng Hợp,,ĐÀI PHÁT THANH VÀ TRUYỀN HÌNH BÌNH DƯƠNG,138/GP-TTĐT,https://www.btv.vn; www.btv.com.vn; www.btv.org.vn,Đang hoạt động,https://giayphep.abei.gov.vn/i/130010
Trang TTĐT Tổng Hợp,,ĐÀI PHÁT THANH VÀ TRUYỀN HÌNH THANH HÓA,139/GP-TTĐT,http://truyenhinhthanhhoa.vn,Đang hoạt động,https://giayphep.abei.gov.vn/i/131076
Trang TTĐT Tổng Hợp,,ĐÀI PHÁT THANH - TRUYỀN HÌNH ĐÀ NẴNG,132/GP-TTĐT,https://www.danangtv.vn,Ngừng hoạt động,https://giayphep.abei.gov.vn/i/129153
Trang TTĐT Tổng Hợp,,TRUNG TÂM CON NGƯỜI VÀ THIÊN NHIÊN,134/GP-TTĐT,https://www.nature.com.vn và www.thiennhien.net,Ngừng hoạt động,https://giayphep.abei.gov.vn/i/128826
Trang TTĐT Tổng Hợp,,TẠP CHÍ VĂN HÓA DOANH NGHIỆP VIỆT NAM,131/GP-TTĐT,https://vanhoadoanhnghiepvn.vn,Ngừng hoạt động,https://giayphep.abei.gov.vn/i/128711
Trang TTĐT Tổng Hợp,,TRUNG TÂM HỖ TRỢ PHÁT TRIỂN XANH,128/GP-TTĐT,https://www.nhuavavasuckhoe.vn,Đang hoạt động,https://giayphep.abei.gov.vn/i/128364
Trang TTĐT Tổng Hợp,,SỞ THÔNG TIN VÀ TRUYỀN THÔNG KIÊN GIANG,114/GP-TTĐT,https://stttt.kiengiang.gov.vn,Đang hoạt động,https://giayphep.abei.gov.vn/i/130593
Trang TTĐT Tổng Hợp,,ĐÀI PHÁT THANH VÀ TRUYỀN HÌNH HÀ NAM,109/GP-TTĐT,https://www.hanamtv.vn; www.hanamtv.org.vn,Ngừng hoạt động,https://giayphep.abei.gov.vn/i/128894
Trang TTĐT Tổng Hợp,,HỘI NỮ TRÍ THỨC VIỆT NAM,103/GP-TTĐT,https://www.hointtvn.vn,Đang hoạt động,https://giayphep.abei.gov.vn/i/129134
Trang TTĐT Tổng Hợp,,ĐÀI PHÁT THANH - TRUYỀN HÌNH GIA LAI,99/GP-TTĐT,http://www.gialaitv.vn,Đang hoạt động,https://giayphep.abei.gov.vn/i/128705
Trang TTĐT Tổng Hợp,,VIỆN NGHIÊN CỨU TƯ VẤN CHÍNH SÁCH ĐẦU TƯ,90/GP-TTĐT,https://www.chinhsachdautu.vn,Đang hoạt động,https://giayphep.abei.gov.vn/i/130635
Trang TTĐT Tổng Hợp,,SỞ THÔNG TIN VÀ TRUYỀN THÔNG ĐẮK NÔNG,88/GP-TTĐT,http://stttt.daknong.gov.vn,Đang hoạt động,https://giayphep.abei.gov.vn/i/130629
Trang TTĐT Tổng Hợp,,VIỆN VĂN HÓA NGHỆ THUẬT QUỐC GIA VIỆT NAM,84/GP-TTĐT,http://www.vicas.org.vn,Đang hoạt động,https://giayphep.abei.gov.vn/i/130612
Trang TTĐT Tổng Hợp,,TRUNG TÂM THÔNG TIN CÔNG TÁC TUYÊN GIÁO,81/GP-TTĐT,https://baocaovien.vn,Đang hoạt động,https://giayphep.abei.gov.vn/i/128938
Trang TTĐT Tổng Hợp,,KHO BẠC NHÀ NƯỚC,79/GP-TTĐT,https://www.vst.mof.gov.vn và www.kbnn.botaichinh.gov.vn,Ngừng hoạt động,https://giayphep.abei.gov.vn/i/130073
Trang TTĐT Tổng Hợp,,TẠP CHÍ MÔI TRƯỜNG,65/GP-TTĐT,https://www.tapchimoitruong.vn,Đang hoạt động,https://giayphep.abei.gov.vn/i/129175
Trang TTĐT Tổng Hợp,,TẠP CHÍ VĂN HIẾN VIỆT NAM,62/GP-TTĐT,https://www.vanhienplus.vn,Ngừng hoạt động,https://giayphep.abei.gov.vn/i/129999
Trang TTĐT Tổng Hợp,,VĂN PHÒNG ỦY BAN DÂN TỘC,59/GP-TTĐT,"https://www.ubdt.gov.vn, www.cema.gov.vn",Đang hoạt động,https://giayphep.abei.gov.vn/i/128934
Trang TTĐT Tổng Hợp,,TRUNG ƯƠNG HỘI LIÊN HIỆP PHỤ NỮ VIỆT NAM,53/GP-TTĐT,http://hoilhpn.org.vn và http://vwu.vn,Đang hoạt động,https://giayphep.abei.gov.vn/i/129868
Trang TTĐT Tổng Hợp,,"BAN QUẢN LÝ DỰ ÁN “TUYÊN TRUYỀN, VẬN ĐỘNG NÔNG DÂN ÁP DỤNG CANH TÁC LÚA THÂN THIỆN VỚI MÔI TRƯỜNG TẠI VIỆT NAM”",45/GP-TTĐT,https://canhtacxanh.vn,Ngừng hoạt động,https://giayphep.abei.gov.vn/i/127776
Trang TTĐT Tổng Hợp,,HỘI NGƯỜI CAO TUỔI VIỆT NAM,36/GP-TTĐT,https://www.hoinguoicaotuoi.vn,Đang hoạt động,https://giayphep.abei.gov.vn/i/130027
Trang TTĐT Tổng Hợp,,"VIỆN NGHIÊN CỨU, ĐÀO TẠO, ỨNG DỤNG TÂM LÝ KINH DOANH VÀ GIÁO DỤC HỌC ĐƯỜNG",21/GP-TTĐT,https://www.kinhdoanhvagiaoduc.vn,Đang hoạt động,https://giayphep.abei.gov.vn/i/128912
Trang TTĐT Tổng Hợp,,ĐÀI PHÁT THANH VÀ TRUYỀN HÌNH HẢI DƯƠNG,17/GP-TTĐT,https://www.haiduongtv.vn; www.haiduongtv.com.vn; www.haiduongtv.com,Ngừng hoạt động,https://giayphep.abei.gov.vn/i/128006
Trang TTĐT Tổng Hợp,,LIÊN HIỆP CÁC HỘI KHOA HỌC VÀ KỸ THUẬT VIỆT NAM,18/GP-TTĐT,http://www.vusta.vn,Đang hoạt động,https://giayphep.abei.gov.vn/i/131138
Trang TTĐT Tổng Hợp,,"TRUNG TÂM PHÁT TRIỂN KHOA HỌC, CÔNG NGHỆ VÀ TÀI NĂNG TRẺ",09/GP-TTĐT,https://www.tainangviet.vn,Đang hoạt động,https://giayphep.abei.gov.vn/i/131063
Trang TTĐT Tổng Hợp,,ỦY BAN TRUNG ƯƠNG MẶT TRẬN TỔ QUỐC VIỆT NAM,12/GP-TTĐT,"https://www.mattran.org.vn, www.mattran.vn",Đang hoạt động,https://giayphep.abei.gov.vn/i/130002
Trang TTĐT Tổng Hợp,,VIỆN NGHIÊN CỨU THỊ TRƯỜNG - TRUYỀN THÔNG QUỐC TẾ,13/GP-TTĐT,https://www.huongnghiepthitruong.vn,Đang hoạt động,https://giayphep.abei.gov.vn/i/130607
Trang TTĐT Tổng Hợp,,TẠP CHÍ KINH DOANH VÀ TIẾP THỊ,05/GP-BTTTT,https://www.kinhdoanhvatiepthi.vn,Đang hoạt động,https://giayphep.abei.gov.vn/i/130153
Trang TTĐT Tổng Hợp,,BAN ĐIỀU HÀNH ĐỀ ÁN ĐƯA NỘI DUNG QUYỀN CON NGƯỜI VÀO CHƯƠNG TRÌNH GIÁO DỤC TRONG HỆ THỐNG GIÁO DỤC QUỐC DÂN  (ĐỂ ĂN GIÁO DỤC QUYỀN CON NGƯỜI),01/GP-TTĐT,https://www.qcn.ciks.vn,Đang hoạt động,https://giayphep.abei.gov.vn/i/129291
Trang TTĐT Tổng Hợp,,TRUNG TÂM QUY HOẠCH VÀ ĐIỀU TRA TÀI NGUYÊN NƯỚC QUỐC GIA,201/GP-TTĐT,https://www.nawapi.gov.vn,Đang hoạt động,https://giayphep.abei.gov.vn/i/130821
Trang TTĐT Tổng Hợp,,ĐÀI PHÁT THANH VÀ TRUYỀN HÌNH ĐIỆN BIÊN,200/GP-TTĐT,https://www.dienbientv.vn,Đang hoạt động,https://giayphep.abei.gov.vn/i/129908
Trang TTĐT Tổng Hợp,,SỞ THÔNG TIN VÀ TRUYỀN THÔNG NINH BÌNH,197/GP-TTĐT,http://www.tttt.ninhbinh.gov.vn,Đang hoạt động,https://giayphep.abei.gov.vn/i/130707
Trang TTĐT Tổng Hợp,,SỞ THÔNG TIN VÀ TRUYỀN THÔNG KIÊN GIANG,192/GP-TTĐT,https://kiengiang.gov.vn; https://en.kiengiang.gov.vn,Đang hoạt động,https://giayphep.abei.gov.vn/i/130988
Trang TTĐT Tổng Hợp,,TRUNG TÂM BÁO CHÍ VÀ HỢP TÁC TRUYỀN THÔNG QUỐC TẾ,193/GP-TTĐT,https://www.hoinhap.net.vn,Đang hoạt động,https://giayphep.abei.gov.vn/i/130815
Trang TTĐT Tổng Hợp,,SỞ THÔNG TIN VÀ TRUYỀN THÔNG BẮC GIANG,190/GP-TTĐT,http://doingoai.bacgiang.gov.vn,Đang hoạt động,https://giayphep.abei.gov.vn/i/130501
Trang TTĐT Tổng Hợp,,SỞ THÔNG TIN VÀ TRUYỀN THÔNG NINH BÌNH,188/GP-TTĐT,http://www.tttt.ninhbinh.gov.vn,Đang hoạt động,https://giayphep.abei.gov.vn/i/128601
Trang TTĐT Tổng Hợp,,BỘ TƯ LỆNH BỘ ĐỘI BIÊN PHÒNG,187/GP-TTĐT,https://bienphongvietnam.gov.vn; bienphongvietnam.com.vn; bienphongvietnam.vn,Ngừng hoạt động,https://giayphep.abei.gov.vn/i/129305
Trang TTĐT Tổng Hợp,,CÔNG ĐOÀN TỔNG CÔNG TY HÀNG HẢI VIỆT NAM,184/GP-TTĐT,https://www.cdhhanghaivn.org.vn,Đang hoạt động,https://giayphep.abei.gov.vn/i/130150
Trang TTĐT Tổng Hợp,,VIỆN NGHIÊN CỨU PHÁP LUẬT VÀ TRỢ GIÚP PHÁP LÝ,177/GP-TTĐT,http://www.vienphapluat.vn,Đang hoạt động,https://giayphep.abei.gov.vn/i/129381
Trang TTĐT Tổng Hợp,,VĂN PHÒNG THƯỜNG TRỰC BAN CHỈ ĐẠO 389 QUỐC GIA,173/GP-TTĐT,https://www.bcd389.gov.vn,Đang hoạt động,https://giayphep.abei.gov.vn/i/130864
Trang TTĐT Tổng Hợp,,LIÊN HIỆP CÁC HỘI KHOA HỌC VÀ KỸ THUẬT VIỆT NAM,174/GP-TTĐT,http://www.vusta.vn,Ngừng hoạt động,https://giayphep.abei.gov.vn/i/129588
Trang TTĐT Tổng Hợp,,NGÂN HÀNG NÔNG NGHIỆP VÀ PHÁT TRIỂN NÔNG THÔN VIỆT NAM (AGRIBANK),172/GP-TTĐT,https://www.agribank.com.vn,Đang hoạt động,https://giayphep.abei.gov.vn/i/129578
Trang TTĐT Tổng Hợp,,ĐÀI PHÁT THANH VÀ TRUYỀN HÌNH QUẢNG BÌNH,168/GP-TTĐT,https://www.qbtv.vn.,Đang hoạt động,https://giayphep.abei.gov.vn/i/128335
Trang TTĐT Tổng Hợp,,VIỆN NGHIÊN CỨU PHÁT TRIỂN KINH TẾ - XÃ HỘI,165/GP-TTĐT,http://phapluatkinhtexahoi.vn,Đang hoạt động,https://giayphep.abei.gov.vn/i/130977
Trang TTĐT Tổng Hợp,,VIỆN NGHIÊN CỨU CHÍNH SÁCH QUẢN LÝ BẤT ĐỘNG SẢN VÀ CÔNG TRÌNH DÂN DỤNG QUỐC TẾ,157/GP-TTĐT,https://www.iirr.vn,Đang hoạt động,https://giayphep.abei.gov.vn/i/130022
Trang TTĐT Tổng Hợp,,LIÊN ĐOÀN BÓNG ĐÁ VIỆT NAM,146/GP-TTĐT,https://www.vf.org.vn,Đang hoạt động,https://giayphep.abei.gov.vn/i/128722
Trang TTĐT Tổng Hợp,,"TRUNG TÂM CÔNG NGHỆ THÔNG TIN - BỘ VĂN HÓA, THỂ THAO VÀ DU LỊCH",150/GP-TTĐT,https://www.bvhttdl.gov.vn; www.mocst.gov.vn,Đang hoạt động,https://giayphep.abei.gov.vn/i/129580
Trang TTĐT Tổng Hợp,,CỤC CÔNG NGHIỆP,149/GP-TTĐT,https://www.via.gov.vn,Đang hoạt động,https://giayphep.abei.gov.vn/i/129563
Trang TTĐT Tổng Hợp,,QUỸ CHỐNG HÀNG GIẢ,141/GP-TTĐT,"https://www.acf.org.vn, www.quychonghanggia.vn",Đang hoạt động,https://giayphep.abei.gov.vn/i/129174
Trang TTĐT Tổng Hợp,,SỞ THÔNG TIN VÀ TRUYỀN THÔNG QUẢNG BÌNH,137/GP-TTĐT,https://stttt.quangbinh.gov.vn,Đang hoạt động,https://giayphep.abei.gov.vn/i/128391
Trang TTĐT Tổng Hợp,,ĐÀI PHÁT THANH VÀ TRUYỀN HÌNH LẠNG SƠN,131/GP-TTĐT,http://langsontv.vn,Đang hoạt động,https://giayphep.abei.gov.vn/i/128897
Trang TTĐT Tổng Hợp,,TRUNG TÂM SẢN XUẤT VÀ PHÁT TRIỂN NỘI DUNG SỐ,130/GP-TTĐT,https://www.vtvgo.vn,Đang hoạt động,https://giayphep.abei.gov.vn/i/130506
Trang TTĐT Tổng Hợp,,BAN BIÊN TẬP TIN KINH TẾ,128/GP-TTĐT,http://bncnews.vn,Đang hoạt động,https://giayphep.abei.gov.vn/i/130590
Trang TTĐT Tổng Hợp,,"KÊNH VĂN HÓA, XÃ HỘI VÀ GIẢI TRÍ (VTC9)",129/GP-TTĐT,http://www.kenhvte9.vn,Đang hoạt động,https://giayphep.abei.gov.vn/i/128056
Trang TTĐT Tổng Hợp,,TẠP CHÍ THẾ GIỚI GIA CẦM,116/GP-TTĐT,https://www.nguoichannuoi.com.vn,Đang hoạt động,https://giayphep.abei.gov.vn/i/130588
Trang TTĐT Tổng Hợp,,BÁO TRI THỨC VÀ CUỘC SỐNG,113/GP-TTĐT,https://khoahocdoisong.vn; khoahocdoisong.com.vn,Đang hoạt động,https://giayphep.abei.gov.vn/i/129120
Trang TTĐT Tổng Hợp,,TRUNG TÂM TRUYỀN HÌNH NHÂN ĐẠO,108/GP-TTĐT,https://www.nhandaotv.vn,Đang hoạt động,https://giayphep.abei.gov.vn/i/131179
Trang TTĐT Tổng Hợp,,TRUNG TÂM TRUYỀN THÔNG BÁO PHÁP LUẬT VIỆT NAM,102/GP-TTĐT,https://www.phapluatmedia.vn,Đang hoạt động,https://giayphep.abei.gov.vn/i/128940
Trang TTĐT Tổng Hợp,,THỜI BÁO TÀI CHÍNH VIỆT NAM,98/GP-TTĐT,https://www.taisancong.vn.,Đang hoạt động,https://giayphep.abei.gov.vn/i/130949
Trang TTĐT Tổng Hợp,,VIỆN KINH TẾ CÔNG NGHỆ VIỆT NAM,96/GP-TTĐT,https://www.kinhtecongnghe.vn,Đang hoạt động,https://giayphep.abei.gov.vn/i/127707
Trang TTĐT Tổng Hợp,,TẠP CHÍ QUÊ HƯƠNG,95/GP-TTĐT,https://www.quehuongonline.vn,Đang hoạt động,https://giayphep.abei.gov.vn/i/127906
Trang TTĐT Tổng Hợp,,BÁO DÂN TỘC VÀ PHÁT TRIỂN,80/GP-TTĐT,"https://tintucdantoc.vn, https://tintucdantoc.com.vn",Ngừng hoạt động,https://giayphep.abei.gov.vn/i/129309
Trang TTĐT Tổng Hợp,,TẠP CHÍ Y DƯỢC HỌC,74/GP-TTĐT,https://www.tapchiyduochocvietnam.com.vn,Đang hoạt động,https://giayphep.abei.gov.vn/i/128765
Trang TTĐT Tổng Hợp,,TẠP CHÍ TRUYỀN THÔNG VÀ PHÁT TRIỂN,75/GP-TTĐT,https://www.doithoaiphttrien.vn,Đang hoạt động,https://giayphep.abei.gov.vn/i/130140
Trang TTĐT Tổng Hợp,,KÊNH TRUYỀN HÌNH ĐÀI TIẾNG NÓI VIỆT NAM (VOVTV),76/GP-TTĐT,"http://truyenhinhdulich.vn, http://truyenhinhvov.vn, http://vovtv.vn",Đang hoạt động,https://giayphep.abei.gov.vn/i/127656
Trang TTĐT Tổng Hợp,,TRUNG TÂM PHÁT TRIỂN THƯƠNG MẠI ĐIỆN TỬ,69/GP-TTĐT,https://www.vietnamexport.com,Ngừng hoạt động,https://giayphep.abei.gov.vn/i/131000
Trang TTĐT Tổng Hợp,,ĐÀI PHÁT THANH VÀ TRUYỀN HÌNH BẮC KẠN,66/GP-TTĐT,https://www.backantv.vn,Đang hoạt động,https://giayphep.abei.gov.vn/i/129325
Trang TTĐT Tổng Hợp,,CỤC VIỄN THÁM QUỐC GIA,63/GP-TTĐT,http://www.rsc.gov.vn; http://nrsd.gov.vn,Đang hoạt động,https://giayphep.abei.gov.vn/i/127692
Trang TTĐT Tổng Hợp,,VIỆN TƯ VẤN CÔNG NGHỆ VÀ ĐÀO TẠO TOÀN CẦU,58/GP-TTĐT,http://www.daututhuongmai.vn.,Ngừng hoạt động,https://giayphep.abei.gov.vn/i/128978
Trang TTĐT Tổng Hợp,,TẠP CHÍ NGHIÊN CỨU KINH TẾ,56/GP-TTĐT,http://vsed.vn,Đang hoạt động,https://giayphep.abei.gov.vn/i/128842
Trang TTĐT Tổng Hợp,,CÔNG ĐOÀN ĐIỆN LỰC VIỆT NAM,55/GP-TTĐT,https://www.congdoandlvn.org.vn,Đang hoạt động,https://giayphep.abei.gov.vn/i/130382
Trang TTĐT Tổng Hợp,,TẠP CHÍ THUẾ NHÀ NƯỚC,57/GP-TTĐT,"https://www.thuenhanuoc.vn, www.tapchithue.com.vn",Đang hoạt động,https://giayphep.abei.gov.vn/i/128933
Trang TTĐT Tổng Hợp,,SỞ THÔNG TIN VÀ TRUYỀN THÔNG LAI CHÂU,48/GP-TTĐT,https://thongtindoingoai.laichau.gov.vn,Đang hoạt động,https://giayphep.abei.gov.vn/i/131281
Trang TTĐT Tổng Hợp,,SỞ THÔNG TIN VÀ TRUYỀN THÔNG QUẢNG BÌNH,49/GP-TTĐT,http://stttt.quangbinh.gov.vn,Ngừng hoạt động,https://giayphep.abei.gov.vn/i/129474
Trang TTĐT Tổng Hợp,,HỘI CHIẾU SÁNG VIỆT NAM,37/GP-TTĐT,https://www.hoichieusangvietnam.org.vn; www.vlavietnam.org,Đang hoạt động,https://giayphep.abei.gov.vn/i/128830
Trang TTĐT Tổng Hợp,,HIỆP HỘI NGÂN HÀNG VIỆT NAM,34/GP-TTĐT,https://www.vnba.org.vn,Đang hoạt động,https://giayphep.abei.gov.vn/i/128800
Trang TTĐT Tổng Hợp,,NGÂN HÀNG NHÀ NƯỚC VIỆT NAM,35/GP-TTĐT,https://www.taichinhtoandien.gov.vn,Đang hoạt động,https://giayphep.abei.gov.vn/i/129476
Trang TTĐT Tổng Hợp,,TẠP CHÍ ĐỜI SỐNG VÀ PHÁP LUẬT,33/GP-TTĐT,http://www.doisongphapluat.com; http://www.doisongphapluat.com.vn,Đang hoạt động,https://giayphep.abei.gov.vn/i/129970
Trang TTĐT Tổng Hợp,,TRUNG TÂM KHUYẾN NÔNG QUỐC GIA,31/GP-TTĐT,https://www.khuyennongvn.gov.vn,Đang hoạt động,https://giayphep.abei.gov.vn/i/129018
Trang TTĐT Tổng Hợp,,"TRUNG TÂM THÔNG TIN, HỢP TÁC QUỐC TẾ VÀ TƯ VẤN PHÁT TRIỂN ĐÔ THỊ",32/GP-TTĐT,https://phattriendothi.vn; https://uda.com.vn; https://phattriendothi.com.vn,Đang hoạt động,https://giayphep.abei.gov.vn/i/130254
Trang TTĐT Tổng Hợp,,NHÀ XUẤT BẢN XÂY DỰNG,24/GP-TTĐT,https://www.xaydungtoday.vn,Đang hoạt động,https://giayphep.abei.gov.vn/i/129372
Trang TTĐT Tổng Hợp,,"VIỆN THI ĐUA, KHEN THƯỞNG VIỆT NAM",27/GP-TTĐT,https://www.vienthiduakhenthuongvietnam.vn; www.vienthiduakhenthuongvietnam.com.vn; www.vienthiduakhenthuongvietnam.com,Đang hoạt động,https://giayphep.abei.gov.vn/i/130042
Trang TTĐT Tổng Hợp,,HỘI NGƯỜI CAO TUỔI VIỆT NAM,19/GP-TTĐT,https://www.hoinguoicaotuoi.vn.,Ngừng hoạt động,https://giayphep.abei.gov.vn/i/128721
Trang TTĐT Tổng Hợp,,VIỆN KINH TẾ VÀ PHÁP LUẬT QUỐC TẾ,12/GP-TTĐT,https://www.phapluatkinhtequocte.vn,Ngừng hoạt động,https://giayphep.abei.gov.vn/i/128736
Trang TTĐT Tổng Hợp,,TẠP CHÍ KHOA HỌC ĐẠI HỌC MỞ THÀNH PHỐ HỒ CHÍ MINH,03/GP-TTĐT,http://journalofscience.ou.edu.vn,Đang hoạt động,https://giayphep.abei.gov.vn/i/128936
Trang TTĐT Tổng Hợp,,VIỆN TƯ VẤN CÔNG NGHỆ VÀ ĐÀO TẠO TOÀN CẦU,04/GP-TTĐT,https://www.daututhuongmai.vn,Ngừng hoạt động,https://giayphep.abei.gov.vn/i/130512
Trang TTĐT Tổng Hợp,,BAN TRỊ SỰ TRUNG ƯƠNG GIÁO HỘI PHẬT GIÁO HÒA HẢO,252/GP-TTĐT,https://www.phatgiaohoahao.org; www.pghh.org.vn,Đang hoạt động,https://giayphep.abei.gov.vn/i/129157
Trang TTĐT Tổng Hợp,,TẠP CHÍ CHÂU MỸ NGÀY NAY,251/GP-TTĐT,http://americastoday.com.vn,Ngừng hoạt động,https://giayphep.abei.gov.vn/i/130126
Trang TTĐT Tổng Hợp,,ĐÀI PHÁT THANH VÀ TRUYỀN HÌNH KON TUM,250/GP-TTĐT,https://www.kontumtv.vn và www.krt.com.vn,Đang hoạt động,https://giayphep.abei.gov.vn/i/129025
Trang TTĐT Tổng Hợp,,VIỆN HỖ TRỢ PHÁP LÝ VÀ BẢO VỆ MÔI TRƯỜNG,249/GP-TTĐT,https://www.phapluatvamoitruongvn.vn,Đang hoạt động,https://giayphep.abei.gov.vn/i/129329
Trang TTĐT Tổng Hợp,,TẠP CHÍ HERITAGE,242/GP-TTĐT,https://www.heritagevietnamairlines.com.yn: www.heritagevietnamairlines.com; www.heritagevietnamairlines.net; www.heritagevna.com; www.heritagevna.net; www.heritagevna.com.vn,Đang hoạt động,https://giayphep.abei.gov.vn/i/129484
Trang TTĐT Tổng Hợp,,NHÀ XUẤT BẢN KHOA HỌC XÃ HỘI,244/GP-TTĐT,http://ssph.vn,Đang hoạt động,https://giayphep.abei.gov.vn/i/128180
Trang TTĐT Tổng Hợp,,BAN CHỈ ĐẠO CÔNG TÁC THÔNG TIN ĐỐI NGOẠI,243/GP-TTĐT,https://www.ttdn.vn; https://www.thongtindoingoai.org.vn,Đang hoạt động,https://giayphep.abei.gov.vn/i/127772
Trang TTĐT Tổng Hợp,,TẠP CHÍ NGHIÊN CỨU CHÂU PHI VÀ TRUNG ĐÔNG,245/GP-TTĐT,http://amesh.vn,Đang hoạt động,https://giayphep.abei.gov.vn/i/128761
Trang TTĐT Tổng Hợp,,TẠP CHÍ CHỨNG KHOÁN,241/GP-TTĐT,https://www.tapchichungkhoanvietnam.vn và www.tapchichungkhoan.vn,Đang hoạt động,https://giayphep.abei.gov.vn/i/130694
Trang TTĐT Tổng Hợp,,LIÊN MINH HỢP TÁC XÃ VIỆT NAM,239/GP-TTĐT,https://www.vca.org.vn,Ngừng hoạt động,https://giayphep.abei.gov.vn/i/130638
Trang TTĐT Tổng Hợp,,TRUNG TÂM VĂN HÓA DOANH NHÂN,232/GP-TTĐT,https://www.vhdn.vn,Đang hoạt động,https://giayphep.abei.gov.vn/i/130982
Trang TTĐT Tổng Hợp,,TẠP CHÍ PHÁT TRIỂN BỀN VỮNG VÙNG,233/GP-TTĐT,https://www.rrsd.org.vn,Đang hoạt động,https://giayphep.abei.gov.vn/i/127875
Trang TTĐT Tổng Hợp,,CỤC BÁO CHÍ,224/GP-TTĐT,https://www.cucbaochi.gov.vn,Ngừng hoạt động,https://giayphep.abei.gov.vn/i/127945
Trang TTĐT Tổng Hợp,,TẠP CHÍ NGHIÊN CỨU ẤN ĐỘ VÀ CHÂU Á,219/GP-TTĐT,http://vjias.vn,Đang hoạt động,https://giayphep.abei.gov.vn/i/130576
Trang TTĐT Tổng Hợp,,VIỆN CÔNG NGHỆ VÀ SỨC KHỎE,215/GP-TTĐT,http://congnghesuckhoe.vn; http://congnghesuckhoe.com.vn; http://congnghesuckhoe.com,Đang hoạt động,https://giayphep.abei.gov.vn/i/128859
Trang TTĐT Tổng Hợp,,TỔNG CỤC BIỂN  VÀ HẢI ĐẢO VIỆT NAM,214/GP-TTĐT,https://www.vasi.gov.vn,Ngừng hoạt động,https://giayphep.abei.gov.vn/i/128550
Trang TTĐT Tổng Hợp,,TRUNG TÂM ĐO KIỂM PHÁT THANH TRUYỀN HÌNH VÀ THÔNG TIN ĐIỆN TỬ,213/GP-TTĐT,https://www.gameportal.gov.vn; www.gameportal.vn; www.gameportal.com.vn,Đang hoạt động,https://giayphep.abei.gov.vn/i/129674
Trang TTĐT Tổng Hợp,,ĐÀI PHÁT THANH VÀ TRUYỀN HÌNH QUẢNG NGÃI,210/GP-TTĐT,https://www.quangngaitv.vn,Đang hoạt động,https://giayphep.abei.gov.vn/i/128433
Trang TTĐT Tổng Hợp,,ĐÀI PHÁT THANH VÀ TRUYỀN HÌNH QUẢNG BÌNH,212/GP-TTĐT,https://www.qbtv.vn,Ngừng hoạt động,https://giayphep.abei.gov.vn/i/131336
Trang TTĐT Tổng Hợp,,"TRUNG TÂM QUẢN LÝ CHÍNH SÁCH, PHÁP LUẬT TÀI NGUYÊN VÀ MÔI TRƯỜNG",211/GP-TTĐT,http://quanlytainguyenvamoitruong.vn,Đang hoạt động,https://giayphep.abei.gov.vn/i/128681
Trang TTĐT Tổng Hợp,,ĐOÀN TNCS HỒ CHÍ MINH VĂN PHÒNG TRUNG ƯƠNG ĐẢNG,203/GP-TTĐT,https://www.doanvptw.dcs.vn,Đang hoạt động,https://giayphep.abei.gov.vn/i/127777
Trang TTĐT Tổng Hợp,,SỞ KHOA HỌC VÀ CÔNG NGHỆ THÀNH PHỐ HỒ CHÍ MINH,207/GP-TTĐT,https://www.khoinghiepsangtao.vn; www.thehub.vn,Đang hoạt động,https://giayphep.abei.gov.vn/i/128491
Trang TTĐT Tổng Hợp,,ĐÀI PHÁT THANH VÀ TRUYỀN HÌNH NGHỆ AN,195/GP-TTĐT,https://www.truyenhinhnghean.vn,Đang hoạt động,https://giayphep.abei.gov.vn/i/128683
Trang TTĐT Tổng Hợp,,BAN ĐỐI NGOẠI TRUNG ƯƠNG ĐẢNG,194/GP-TTĐT,https://bdtw.org.vn; https://cpvic.org.vn,Đang hoạt động,https://giayphep.abei.gov.vn/i/127816
Trang TTĐT Tổng Hợp,,BÁO DÂN TỘC VÀ PHÁT TRIỂN,186/GP-TTĐT,https://www.baodantoc.com.vn và www.baodantoc.vn,Ngừng hoạt động,https://giayphep.abei.gov.vn/i/127726
Trang TTĐT Tổng Hợp,,SỞ THÔNG TIN VÀ TRUYỀN THÔNG BẮC KẠN,187/GP-TTĐT,https://www.ict.backan.gov.vn,Ngừng hoạt động,https://giayphep.abei.gov.vn/i/127680
Trang TTĐT Tổng Hợp,,HIỆP HỘI DOANH NGHIỆP NHỎ VÀ VỪA KHU VỰC PHÍA NAM,183/GP-TTĐT,https://biztoday.vn,Đang hoạt động,https://giayphep.abei.gov.vn/i/127693
Trang TTĐT Tổng Hợp,,SỞ THÔNG TIN VÀ TRUYỀN THÔNG THÀNH PHỐ HÀ NỘI,182/GP-TTĐT,https://www.thudoxanhsachdep.hanoi.gov.vn,Ngừng hoạt động,https://giayphep.abei.gov.vn/i/129804
Trang TTĐT Tổng Hợp,,TRUNG TÂM TƯ VẤN PHÁP LUẬT ASEAN,181 /GP-TTĐT,https://phapluatvakinhhte.vn,Đang hoạt động,https://giayphep.abei.gov.vn/i/130651
Trang TTĐT Tổng Hợp,,BỆNH VIỆN K,180/GP-TTĐT,http://benhvienk.vn,Đang hoạt động,https://giayphep.abei.gov.vn/i/131247
Trang TTĐT Tổng Hợp,,TẠP CHÍ THỦY SẢN VIỆT NAM,179/GP-TTĐT,https://www.thuysanvietnam.com.vn,Đang hoạt động,https://giayphep.abei.gov.vn/i/129842
Trang TTĐT Tổng Hợp,,BẢO TÀNG LỊCH SỬ QUỐC GIA,176/GP-TTĐT,http://baotanglichsuquocgia.vn;  http://baotanglichsu.vn;  http://vnmh.com.vn,Đang hoạt động,https://giayphep.abei.gov.vn/i/130329
Trang TTĐT Tổng Hợp,,HIỆP HỘI NHỮNG NGƯỜI LAO ĐỘNG SÁNG TẠO VIỆT NAM,171/GP-TTĐT,https://www.sangtaovietnam.vn,Đang hoạt động,https://giayphep.abei.gov.vn/i/129843
Trang TTĐT Tổng Hợp,,TẠP CHÍ NGHIÊN CỨU VÀ THỰC HÀNH NHI KHOA,164/GP-TTĐT,http://jprp.vn,Đang hoạt động,https://giayphep.abei.gov.vn/i/130914
Trang TTĐT Tổng Hợp,,CÔNG TY VIỄN THÔNG ĐIỆN LỰC VÀ CÔNG NGHỆ THÔNG TIN,152/GP-TTĐT,https://www.icon.com.vn; www.evnnews.Việt Nam; www.tinnganhdien.vn,Ngừng hoạt động,https://giayphep.abei.gov.vn/i/128836
Trang TTĐT Tổng Hợp,,SỞ THÔNG TIN VÀ TRUYỀN THÔNG LÀO CAI,151/GP-TTĐT,http://doingoailaocai.vn,Đang hoạt động,https://giayphep.abei.gov.vn/i/130421
Trang TTĐT Tổng Hợp,,TẠP CHÍ NGÂN HÀNG,153/GP-TTĐT,https://www.tapchinganhang.com.vn; www.tapchinganhang.gov.vn,Đang hoạt động,https://giayphep.abei.gov.vn/i/129819
Trang TTĐT Tổng Hợp,,HỘI DOANH NHÂN TƯ NHÂN VIỆT NAM,147/GP-TTĐT,http://www.vpba.org.vn,Đang hoạt động,https://giayphep.abei.gov.vn/i/127873
Trang TTĐT Tổng Hợp,,VIỆN KIỂM NGHIỆM AN TOÀN VỆ SINH THỰC PHẨM QUỐC GIA,146 /GP-TTĐT,https://www.nifc.gov.vn,Đang hoạt động,https://giayphep.abei.gov.vn/i/130414
Trang TTĐT Tổng Hợp,,TẠP CHÍ NGHE NHÌN KINH TẾ VIỆT NAM,142/GP-TTĐT,https://www.nghenhinvietnam.vn,Đang hoạt động,https://giayphep.abei.gov.vn/i/129210
Trang TTĐT Tổng Hợp,,CÔNG TY CỔ PHẦN TỔNG CÔNG TY TRUYỀN HÌNH CÁP VIỆT NAM,140/GP-TTĐT,https://www.onsports.vn,Đang hoạt động,https://giayphep.abei.gov.vn/i/130939
Trang TTĐT Tổng Hợp,,SỞ THÔNG TIN VÀ TRUYỀN THÔNG VĨNH LONG,137/GP-TTĐT,https://thongtintuyentruyen.vinhlong.gov.vn,Đang hoạt động,https://giayphep.abei.gov.vn/i/130763
Trang TTĐT Tổng Hợp,,SỞ THÔNG TIN VÀ TRUYỀN THÔNG VĨNH PHÚC,134/GP-TTĐT,http://www.sotttt.vinhphuc.gov.vn,Ngừng hoạt động,https://giayphep.abei.gov.vn/i/131288
Trang TTĐT Tổng Hợp,,CÔNG AN TỈNH LONG AN,133/GP-TTĐT,https://www.congan.longan.gov.vn,Ngừng hoạt động,https://giayphep.abei.gov.vn/i/127946
Trang TTĐT Tổng Hợp,,CÔNG TY TNHH MTV NHÀ XUẤT BẢN GIÁO DỤC VIỆT NAM (NHÀ XUẤT BẢN GIÁO DỤC VIỆT NAM),130/GP-TTĐT,https://www.nxbgd.vn; www.veph.vn; www.veph.vom.vn,Đang hoạt động,https://giayphep.abei.gov.vn/i/131365
Trang TTĐT Tổng Hợp,,TRUNG TÂM NGHIÊN CỨU KHOA HỌC VÀ ĐÀO TẠO CHỨNG KHOÁN,126/GP-TTĐT,http://www.srtc.org.vn,Đang hoạt động,https://giayphep.abei.gov.vn/i/130224
Trang TTĐT Tổng Hợp,,BÁO CỰU CHIẾN BINH VIỆT NAM,123/GP-TTĐT,https://www.cuuchienbinh.vn,Đang hoạt động,https://giayphep.abei.gov.vn/i/128684
Trang TTĐT Tổng Hợp,,ĐÀI TIẾNG NÓI NHÂN DÂN THÀNH PHỐ HỒ CHÍ MINH,114/GP-TTĐT,https://www.voh.com.vn,Đang hoạt động,https://giayphep.abei.gov.vn/i/130117
Trang TTĐT Tổng Hợp,,ĐÀI PHÁT THANH VÀ TRUYỀN HÌNH YÊN BÁI,111/GP-TTĐT,https://www.yenbaitv.org.vn,Đang hoạt động,https://giayphep.abei.gov.vn/i/129960
Trang TTĐT Tổng Hợp,,TẠP CHÍ NGƯỜI XÂY DỰNG,112/GP-TTĐT,https://www.nguoixaydung.com.vn,Đang hoạt động,https://giayphep.abei.gov.vn/i/127995
Trang TTĐT Tổng Hợp,,NGÂN HÀNG HỢP TÁC XÃ VIỆT NAM,113/GP-TTĐT,https://www.co-opbank.vn,Đang hoạt động,https://giayphep.abei.gov.vn/i/129575
Trang TTĐT Tổng Hợp,,ĐÀI PHÁT THANH VÀ TRUYỀN HÌNH ĐẮK NÔNG,99/GP-TTĐT,https://www.ptthdaknong.com.vn; www.truyenhinhdaknong.vn,Ngừng hoạt động,https://giayphep.abei.gov.vn/i/129847
Trang TTĐT Tổng Hợp,,BÁO QUÂN ĐỘI NHÂN DÂN,96/GP-TTĐT,http://www.quyvibiendaovietnam.vn; http://www.vibiendaovietnam.vn,Đang hoạt động,https://giayphep.abei.gov.vn/i/127878
Trang TTĐT Tổng Hợp,,TẠP CHÍ NHÂN ĐẠO,85/GP-TTĐT,https://www.nhandaoonline.,Ngừng hoạt động,https://giayphep.abei.gov.vn/i/127922
Trang TTĐT Tổng Hợp,,VỤ KHOA HỌC VÀ CÔNG NGHỆ,87/GP-TTĐT,https://www.nscl.vn,Đang hoạt động,https://giayphep.abei.gov.vn/i/131337
Trang TTĐT Tổng Hợp,,TRUNG TÂM TRUYỀN THÔNG BÁO XÂY DỰNG,83/GP-TTĐT,https://www.xaydungvadoidsong.com.vn,Đang hoạt động,https://giayphep.abei.gov.vn/i/130210
Trang TTĐT Tổng Hợp,,TẠP CHÍ CỬA VIỆT,76/GP-TTĐT,http://tapchicuviet.com.vn,Đang hoạt động,https://giayphep.abei.gov.vn/i/129319
Trang TTĐT Tổng Hợp,,TRUNG TÂM THÔNG TIN DU LỊCH,77/GP-TTĐT,https://www.vietnamtourism.gov.vn,Ngừng hoạt động,https://giayphep.abei.gov.vn/i/127711
Trang TTĐT Tổng Hợp,,TRUNG TÂM THÔNG TIN DU LỊCH,78/GP-TTĐT,https://www.moitruongdulich.vn,Ngừng hoạt động,https://giayphep.abei.gov.vn/i/131353
Trang TTĐT Tổng Hợp,,VIỆN QUẢN LÝ KINH TẾ VÀ MÔI TRƯỜNG,64/GP-TTĐT,https://www.vienquanlykinhtemoitruong.vn,Đang hoạt động,https://giayphep.abei.gov.vn/i/129293
Trang TTĐT Tổng Hợp,,TẠP CHÍ DÂN VẬN,60/GP-TTĐT,https://www.danvan.vn,Ngừng hoạt động,https://giayphep.abei.gov.vn/i/131011
Trang TTĐT Tổng Hợp,,TẠP CHÍ MÔI TRƯỜNG,59/GP-TTĐT,https://www.tapchimoitruong.vn,Ngừng hoạt động,https://giayphep.abei.gov.vn/i/130830
Trang TTĐT Tổng Hợp,,ĐÀI PHÁT THANH VÀ TRUYỀN HÌNH BẮC GIANG,58/GP-TTĐT,https://www.bacgiangtv.vn,Ngừng hoạt động,https://giayphep.abei.gov.vn/i/129841
Trang TTĐT Tổng Hợp,,TẠP CHÍ KINH TẾ TẬP ĐOÀN,54/GP-TTĐT,https://www.kinhtetapdoan.vn,Đang hoạt động,https://giayphep.abei.gov.vn/i/129879
Trang TTĐT Tổng Hợp,,NGÂN HÀNG PHÁT TRIỂN VIỆT NAM,49/GP-TTĐT,https://www.vdb.gov.vn,Ngừng hoạt động,https://giayphep.abei.gov.vn/i/129835
Trang TTĐT Tổng Hợp,,TRUNG TÂM INTERNET VIỆT NAM,51/GP-TTĐT,http://www.vnnic.vn,Ngừng hoạt động,https://giayphep.abei.gov.vn/i/130810
Trang TTĐT Tổng Hợp,,ĐÀI PHÁT THANH - TRUYỀN HÌNH ĐỒNG NAI,50/GP-TTĐT,http://www.dnrtv.org.vn,Ngừng hoạt động,https://giayphep.abei.gov.vn/i/130147
Trang TTĐT Tổng Hợp,,ĐÀI PHÁT THANH VÀ TRUYỀN HÌNH HƯNG YÊN,45/GP-TTĐT,http://hungyentv.vn,Đang hoạt động,https://giayphep.abei.gov.vn/i/129410
Trang TTĐT Tổng Hợp,,TRUNG TÂM TƯ VẤN VÀ CÔNG NGHỆ MÔI TRƯỜNG,41/GP-TTĐT,http://cect.gov.vn,Đang hoạt động,https://giayphep.abei.gov.vn/i/129283
Trang TTĐT Tổng Hợp,,SỞ THÔNG TIN VÀ TRUYỀN THÔNG NAM ĐỊNH,26/GP-TTĐT,http://sotttt.namdinh.gov.vn,Đang hoạt động,https://giayphep.abei.gov.vn/i/131051
Trang TTĐT Tổng Hợp,,VIỆN KINH TẾ VÀ PHÁP LUẬT QUỐC TẾ,25/GP-TTĐT,https://www.phapluatkinhtequocte.vn,Ngừng hoạt động,https://giayphep.abei.gov.vn/i/129824
Trang TTĐT Tổng Hợp,,TỔNG CỤC KHÍ TƯỢNG THỦY VĂN,24/GP-TTĐT,https://www.tckttv.gov.vn; www.vnmha.gov.vn,Ngừng hoạt động,https://giayphep.abei.gov.vn/i/127731
Trang TTĐT Tổng Hợp,,TẬP ĐOÀN CÔNG NGHIỆP THAN - KHOÁNG SẢN VIỆT NAM,18 /GP-TTĐT,https://vinacomin.vn,Đang hoạt động,https://giayphep.abei.gov.vn/i/129095
Trang TTĐT Tổng Hợp,,TRUNG TÂM THÔNG TIN VÀ DỮ LIỆU MÔI TRƯỜNG,17/GP-TTĐT,https://www.ceid.gov.vn; https://www.eccid.org,Ngừng hoạt động,https://giayphep.abei.gov.vn/i/129302
Trang TTĐT Tổng Hợp,,KÊNH TRUYỀN HÌNH VĂN HÓA - DU LỊCH,09/GP-TTĐT,http://truyenhinhdulich.vn; http://truyenhinhvov.vn,Ngừng hoạt động,https://giayphep.abei.gov.vn/i/129648
Trang TTĐT Tổng Hợp,,ĐÀI PHÁT THANH VÀ TRUYỀN HÌNH BẮC KẠN,10/GP-TTĐT,https://backantv.vn; bktv.vn,Ngừng hoạt động,https://giayphep.abei.gov.vn/i/130369
Trang TTĐT Tổng Hợp,,HỘI KINH TẾ MÔI TRƯỜNG VIỆT NAM,07/GP-TTĐT,http://www.kinhtexanh.vn,Ngừng hoạt động,https://giayphep.abei.gov.vn/i/130913
Trang TTĐT Tổng Hợp,,TRUNG TÂM PHÁT TRIỂN VÀ HỘI NHẬP (CDI),05/GP-TTĐT,https://www.laodongxanha.net.vn,Đang hoạt động,https://giayphep.abei.gov.vn/i/128014
Trang TTĐT Tổng Hợp,,ỦY BAN GIÁM SÁT TÀI CHÍNH QUỐC GIA,244/GP-TTĐT,"http://nfsc.gov.vn, http://uybangiamsattaichinhquocgia.gov.vn",Ngừng hoạt động,https://giayphep.abei.gov.vn/i/128605
Trang TTĐT Tổng Hợp,,SỞ THÔNG TIN VÀ TRUYỀN THÔNG QUẢNG TRỊ,246/GP-TTĐT,"https://www.khonghiep,quangtri.gov.vn",Ngừng hoạt động,https://giayphep.abei.gov.vn/i/130157
Trang TTĐT Tổng Hợp,,SỞ THÔNG TIN VÀ TRUYỀN THÔNG TỈNH THỪA THIÊN HUẾ,245/GP-TTĐT,http://www.stttt.thuathienhue.gov.vn,Ngừng hoạt động,https://giayphep.abei.gov.vn/i/130778
Trang TTĐT Tổng Hợp,,VIỆN KIỂM SÁT NHÂN DÂN TỐI CAO,243/GP-TTĐT,https://vksndtc.gov.vn và www.vks.gov.vn,Đang hoạt động,https://giayphep.abei.gov.vn/i/130782
Trang TTĐT Tổng Hợp,,VIỆN KHOA HỌC CHÍNH SÁCH VÀ PHÁP LUẬT,237/GP-TTĐT,https://phapluatchinhsach.vn,Đang hoạt động,https://giayphep.abei.gov.vn/i/129497
Trang TTĐT Tổng Hợp,,ĐÀI PHÁT THANH VÀ TRUYỀN HÌNH BẮC NINH,232/GP-TTĐT,https://bacninhtv.vn,Ngừng hoạt động,https://giayphep.abei.gov.vn/i/130209
Trang TTĐT Tổng Hợp,,TRUNG TÂM HỖ TRỢ PHÁT TRIỂN DOANH NGHIỆP MỸ NGHỆ KIM HOÀN ĐÁ QUÝ,231/GP-TTĐT,https://www.nguoilamnghe.vn,Đang hoạt động,https://giayphep.abei.gov.vn/i/127775
Trang TTĐT Tổng Hợp,,HỘI DOANH NHÂN TRẺ VIỆT NAM,230/GP-TTĐT,https://www.doanhnhantrevn.vn,Đang hoạt động,https://giayphep.abei.gov.vn/i/127947
Trang TTĐT Tổng Hợp,,TRUNG TÂM TRUYỀN THÔNG GIÁO DỤC SỨC KHỎE TRUNG ƯƠNG,220/GP-TTĐT,https://www.t5g.org.vn,Ngừng hoạt động,https://giayphep.abei.gov.vn/i/129100
Trang TTĐT Tổng Hợp,,TRUNG TÂM PHÁT TRIỂN TRUYỀN THÔNG TRUYỀN HÌNH CHỐNG HÀNG GIẢ,222/GP-TTĐT,https://chonghanggiavatap.vn,Đang hoạt động,https://giayphep.abei.gov.vn/i/129966
Trang TTĐT Tổng Hợp,,TỔNG CỤC BIỂN VÀ HẢI ĐẢO VIỆT NAM,223/GP-TTĐT,https://www.vasi.gov.vn,Ngừng hoạt động,https://giayphep.abei.gov.vn/i/130817
Trang TTĐT Tổng Hợp,,SỞ THÔNG TIN VÀ TRUYỀN THÔNG QUẢNG TRỊ,224/GP-TTĐT,https://www.thongtindoingoai.quangtri.gov.vn,Ngừng hoạt động,https://giayphep.abei.gov.vn/i/129253
Trang TTĐT Tổng Hợp,,HỘI BẢO VỆ QUYỀN TRẺ EM VIỆT NAM,221/GP-TTĐT,https://www.treemviet.vn,Ngừng hoạt động,https://giayphep.abei.gov.vn/i/128389
Trang TTĐT Tổng Hợp,,BAN NỘI CHÍNH TRUNG ƯƠNG,214/GP-TTĐT,https://www.noichinh.vn; www.noichinh.org.vn,Ngừng hoạt động,https://giayphep.abei.gov.vn/i/130886
Trang TTĐT Tổng Hợp,,VIỆN KHOA HỌC MÔI TRƯỜNG VÀ XÃ HỘI,215/GP-TTĐT,http://www.essi.org.vn,Đang hoạt động,https://giayphep.abei.gov.vn/i/127825
Trang TTĐT Tổng Hợp,,"VIỆN NGHIÊN CỨU THANH TRA VÀ PHÒNG, CHỐNG THAM NHŨNG",213/GP-TTĐT,https://www.phongchongthamnhung.com.vn,Ngừng hoạt động,https://giayphep.abei.gov.vn/i/127783
Trang TTĐT Tổng Hợp,,ĐÀI PHÁT THANH VÀ TRUYỀN HÌNH HÀ GIANG,208/GP-TTĐT,https://www.hagiangtv.vn,Ngừng hoạt động,https://giayphep.abei.gov.vn/i/130739
Trang TTĐT Tổng Hợp,,ĐÀI PHÁT THANH VÀ TRUYỀN HÌNH BÀ RỊA - VŨNG TÀU,209/GP-TTĐT,https://www.brt.vn; www.brt.com.vn; www.brt.org.vn,Đang hoạt động,https://giayphep.abei.gov.vn/i/128704
Trang TTĐT Tổng Hợp,,ĐÀI PHÁT THANH VÀ TRUYỀN HÌNH TIỀN GIANG,204/GP-TTĐT,https://www.thtg.vn và www.ihtg.com.vn,Đang hoạt động,https://giayphep.abei.gov.vn/i/127797
Trang TTĐT Tổng Hợp,,TẠP CHÍ TIN HỌC VÀ ĐỜI SỐNG,207/GP-TTĐT,https://www.congnghevadoisong.vn,Ngừng hoạt động,https://giayphep.abei.gov.vn/i/131043
Trang TTĐT Tổng Hợp,,ĐÀI PHÁT THANH VÀ TRUYỀN HÌNH THANH HÓA,206/GP-TTĐT,http://truyenhinhthanhhoa.vn,Ngừng hoạt động,https://giayphep.abei.gov.vn/i/129345
Trang TTĐT Tổng Hợp,,TẠP CHÍ KINH TẾ MÔI TRƯỜNG,205/GP-TTĐT,http://www.kinhtemoitruong.vn,Ngừng hoạt động,https://giayphep.abei.gov.vn/i/129672
Trang TTĐT Tổng Hợp,,SỞ THÔNG TIN VÀ TRUYỀN THÔNG TUYÊN QUANG,202/GP-TTĐT,http://tuyenquanggov.vn; http://english.tuyenquang.gov.vn,Đang hoạt động,https://giayphep.abei.gov.vn/i/130849
Trang TTĐT Tổng Hợp,,CỤC NGHỆ THUẬT BIỂU DIỄN,201/GP-TTĐT,https://www.cucnghethuatbieudien.gov.vn,Đang hoạt động,https://giayphep.abei.gov.vn/i/129232
Trang TTĐT Tổng Hợp,,SỞ THÔNG TIN VÀ TRUYỀN THÔNG PHÚ YÊN,200/GP-TTĐT,https://www.phuyen.info.vn,Đang hoạt động,https://giayphep.abei.gov.vn/i/130325
Trang TTĐT Tổng Hợp,,TẠP CHÍ Y HỌC QUÂN SỰ,197/GP-TTĐT,https://www.yhqs.vn,Ngừng hoạt động,https://giayphep.abei.gov.vn/i/128371
Trang TTĐT Tổng Hợp,,ĐÀI PHÁT THANH VÀ TRUYỀN HÌNH ĐỒNG THÁP,195/GP-TTĐT,https://www.thdt.vn,Ngừng hoạt động,https://giayphep.abei.gov.vn/i/130294
Trang TTĐT Tổng Hợp,,SỞ THÔNG TIN VÀ TRUYỀN THÔNG LÀO CAI,196/GP-TTĐT,http://doingoailaocai.vn,Ngừng hoạt động,https://giayphep.abei.gov.vn/i/129219
Trang TTĐT Tổng Hợp,,VIỆN PHÁT TRIỂN CHĂM SÓC SỨC KHỎE CỘNG ĐỒNG,180/GP-TTĐT,https://www.suckhoevacuocsong.com.vn,Ngừng hoạt động,https://giayphep.abei.gov.vn/i/131139
Trang TTĐT Tổng Hợp,,SỞ THÔNG TIN VÀ TRUYỀN THÔNG TUYÊN QUANG,181/GP-TTĐT,http://doingoaituyenquang.gov.vn/vi; http://doingoaituyenquang.gov.vn/en,Đang hoạt động,https://giayphep.abei.gov.vn/i/130799
Trang TTĐT Tổng Hợp,,TẬP ĐOÀN DẦU KHÍ VIỆT NAM,176/GP-TTĐT,https://www.pvn.vn; www.petrovietnam.com.vn; www.pvn.com.vn,Ngừng hoạt động,https://giayphep.abei.gov.vn/i/128968
Trang TTĐT Tổng Hợp,,HIỆP HỘI CÁC TỔ CHỨC DỊCH VỤ PHÁT TRIỂN KINH DOANH VIỆT NAM,173/GP-TTĐT,https://www.doisongkinhdoanh.vn,Đang hoạt động,https://giayphep.abei.gov.vn/i/129969
Trang TTĐT Tổng Hợp,,TRUNG TÂM THÔNG TIN CÔNG NGHIỆP VÀ THƯƠNG MẠI,171/GP-TTĐT,https://thuongmaibiengioimiennui.gov.vn; sanphamvungmien.vn,Ngừng hoạt động,https://giayphep.abei.gov.vn/i/127940
Trang TTĐT Tổng Hợp,,VIỆN NGHIÊN CỨU PHÁT TRIỂN KINH TẾ - XÃ HỘI,159/GP-TTĐT,http://phapluatkinhtexahoi.vn,Ngừng hoạt động,https://giayphep.abei.gov.vn/i/130270
Trang TTĐT Tổng Hợp,,CỤC AN TOÀN THỰC PHẨM,161/GP-TTĐT,https://www.vfa.gov.vn,Đang hoạt động,https://giayphep.abei.gov.vn/i/129469
Trang TTĐT Tổng Hợp,,TẠP CHÍ THÔNG TIN VÀ PHÁT TRIỂN,162/GP-TTĐT,https://www.thongtinvaphattrien.vn và www.thongtinphatttrien.com.vn,Ngừng hoạt động,https://giayphep.abei.gov.vn/i/129280
Trang TTĐT Tổng Hợp,,PHÒNG THƯƠNG MẠI VÀ CÔNG NGHIỆP VIỆT NAM (VCCI).,160/GP-TTĐT,http://vcci.com.vn.,Ngừng hoạt động,https://giayphep.abei.gov.vn/i/129461
Trang TTĐT Tổng Hợp,,VIỆN MÔI TRƯỜNG VÀ NĂNG LƯỢNG TÁI TẠO,158/GP-TTĐT,https://www.sugiamoitruong.com.vn,Đang hoạt động,https://giayphep.abei.gov.vn/i/127689
Trang TTĐT Tổng Hợp,,TRUNG TÂM QUẢNG CÁO VÀ DỊCH VỤ TRUYỀN THÔNG (VOV AMS),156/GP-TTĐT,https://www.vovlive.vn,Đang hoạt động,https://giayphep.abei.gov.vn/i/130114
Trang TTĐT Tổng Hợp,,ĐÀI PHÁT THANH VÀ TRUYỀN HÌNH TÂY NINH,155/GP-TTĐT,https://ttv11.com.vn; ttv11.vn,Đang hoạt động,https://giayphep.abei.gov.vn/i/129927
Trang TTĐT Tổng Hợp,,VỤ TIẾT KIỆM NĂNG LƯỢNG VÀ PHÁT TRIỂN BỀN VỮNG,148/GP-TTĐT,http://tietkiemnangluong.com.vn; http://vneecc.gov.vn,Đang hoạt động,https://giayphep.abei.gov.vn/i/130945
Trang TTĐT Tổng Hợp,,VIỆN CHIẾN LƯỢC VÀ KHOA HỌC THANH TRA,149/GP-TTĐT,https://ww.issi.gov.vn,Ngừng hoạt động,https://giayphep.abei.gov.vn/i/129570
Trang TTĐT Tổng Hợp,,TRUNG TÂM XÚC TIẾN ĐẦU TƯ PHÁT TRIỂN CÔNG THƯƠNG,151/GP-TTĐT,https://www.investvietnam.gov.vn.,Ngừng hoạt động,https://giayphep.abei.gov.vn/i/129318
Trang TTĐT Tổng Hợp,,TẠP CHÍ TIẾP THỊ VÀ GIA ĐÌNH,150/GP-TTĐT,https://www.alivarmagazine.vn,Ngừng hoạt động,https://giayphep.abei.gov.vn/i/130349
Trang TTĐT Tổng Hợp,,TRUNG TÂM QUẢNG CÁO VÀ DỊCH VỤ TRUYỀN THÔNG (VOV AMS),142/GP-TTĐT,https://www.vovlife.vn,Đang hoạt động,https://giayphep.abei.gov.vn/i/128848
Trang TTĐT Tổng Hợp,,ĐÀI PHÁT THANH VÀ TRUYỀN HÌNH NINH BÌNH,139/GP-TTĐT,http://nbtv.vn,Đang hoạt động,https://giayphep.abei.gov.vn/i/128837
Trang TTĐT Tổng Hợp,,TẠP CHÍ VẬN TẢI Ô TÔ,141/GP-TTĐT,https://www.vantaioto.vn,Ngừng hoạt động,https://giayphep.abei.gov.vn/i/131292
Trang TTĐT Tổng Hợp,,TẠP CHÍ HÀNG HÓA VÀ THƯƠNG HIỆU,136/GP-TTĐT,https://www.hhth.vn,Đang hoạt động,https://giayphep.abei.gov.vn/i/130998
Trang TTĐT Tổng Hợp,,TRUNG TÂM THÔNG TIN - ỦY BAN QUẢN LÝ VỐN NHÀ NƯỚC TẠI DOANH NGHIỆP,132/GP-TTĐT,http://cmsc.gov.vn,Đang hoạt động,https://giayphep.abei.gov.vn/i/130364
Trang TTĐT Tổng Hợp,,TẠP CHÍ ĐIỆN TỬ,134/GP-TTĐT,https://www.dientungaynay.vn,Đang hoạt động,https://giayphep.abei.gov.vn/i/127913
Trang TTĐT Tổng Hợp,,CÔNG TY CỔ PHẦN TỔNG CÔNG TY TRUYỀN HÌNH CÁP VIỆT NAM,126/GP-TTĐT,https://www.dichvu.vtvcab.vn,Ngừng hoạt động,https://giayphep.abei.gov.vn/i/128976
Trang TTĐT Tổng Hợp,,TRUNG TÂM THÔNG TIN CÔNG NGHIỆP VÀ THƯƠNG MẠI,121/GP-TTĐT,https://www.thongtincongthuong.vn; www.vtic.vn,Ngừng hoạt động,https://giayphep.abei.gov.vn/i/130156
Trang TTĐT Tổng Hợp,,VIỆN KHOA HỌC GIÁO DỤC NGHỀ NGHIỆP,109/GP-TTĐT,https://www.nivet.org.vn,Đang hoạt động,https://giayphep.abei.gov.vn/i/130226
Trang TTĐT Tổng Hợp,,TẠO CHÍ ĐIỆN VÀ ĐỜI SỐNG,110/GP-TTĐT,https://www.dienvadoisong.vn,Ngừng hoạt động,https://giayphep.abei.gov.vn/i/131285
Trang TTĐT Tổng Hợp,,ĐÀI PHÁT THANH VÀ TRUYỀN HÌNH BẮC KẠN,108/GP-TTĐT,https://backantv.vn và bktv.vn,Ngừng hoạt động,https://giayphep.abei.gov.vn/i/128393
Trang TTĐT Tổng Hợp,,BẢO HIỂM XÃ HỘI VIỆT NAM,100/GP-TTĐT,https://baohiemxahoi.gov.vn; vss.gov.vn,Đang hoạt động,https://giayphep.abei.gov.vn/i/129504
Trang TTĐT Tổng Hợp,,TẠP CHÍ KHOA HỌC VÀ KINH TẾ HẢI PHÒNG,93/GP-TTĐT,https://www.khoahocvakinhte.vn,Ngừng hoạt động,https://giayphep.abei.gov.vn/i/128682
Trang TTĐT Tổng Hợp,,BAN THÔNG TIN TRUYỀN THÔNG TRUNG ƯƠNG,84/GP-TTĐT,https://www.phatsuonlinetv.com.vn,Đang hoạt động,https://giayphep.abei.gov.vn/i/129254
Trang TTĐT Tổng Hợp,,TỔNG CÔNG TY HÀNG KHÔNG VIỆT NAM – CTСР (VIETNAM AIRLINES),78/GP-TTĐT,"https://www.spirit.vietnamairlines.com, www.spirit.vietnamairlines.com.vn",Đang hoạt động,https://giayphep.abei.gov.vn/i/129304
Trang TTĐT Tổng Hợp,,CÔNG TY CỔ PHẦN TỔNG CÔNG TY TRUYỀN HÌNH CÁP VIỆT NAM,73/GP-TTĐT,https://www.vtvcab.vn,Ngừng hoạt động,https://giayphep.abei.gov.vn/i/130930
Trang TTĐT Tổng Hợp,,SỞ THÔNG TIN VÀ TRUYỀN THÔNG THỪA THIÊN HUẾ,72/GP-TTĐT,http://www.stttt.thuathienhue.gov.vn,Ngừng hoạt động,https://giayphep.abei.gov.vn/i/129112
Trang TTĐT Tổng Hợp,,VIỆN NGHIÊN CỨU PHÁT TRIỂN KINH TẾ - XÃ HỘI,74/GP-TTĐT,http://phapluatkinhtexahoi.vn,Ngừng hoạt động,https://giayphep.abei.gov.vn/i/129514
Trang TTĐT Tổng Hợp,,TẬP ĐOÀN BƯU CHÍNH VIỄN THÔNG VIỆT NAM,62/GP-TTĐT,https://www.vapt.vn; www.vnpt.com.vn,Đang hoạt động,https://giayphep.abei.gov.vn/i/128542
Trang TTĐT Tổng Hợp,,BÁO GIÁC NGỘ,63/GP-BTTTT,https://www.giacngo.vn,Đang hoạt động,https://giayphep.abei.gov.vn/i/127725
Trang TTĐT Tổng Hợp,,VĂN PHÒNG THƯỜNG TRỰC BAN CHỈ ĐẠO 389 QUỐC GIA,57/GP-TTĐT,https://www.bcd389.gov.vn,Ngừng hoạt động,https://giayphep.abei.gov.vn/i/130296
Trang TTĐT Tổng Hợp,,TRUNG TÂM NGHIÊN CỨU ẤN ĐỘ,58/GP-TTĐT,https://www.cis.org.vn,Đang hoạt động,https://giayphep.abei.gov.vn/i/127892
Trang TTĐT Tổng Hợp,,TẠP CHÍ CÔNG NGHIỆP & TIÊU DÙNG,38/GP-TTĐT,https://www.congnghieptieudung.vn,Ngừng hoạt động,https://giayphep.abei.gov.vn/i/131241
Trang TTĐT Tổng Hợp,,Hội An toàn giao thông Việt Nam,52/GP-TTĐT,https://www.giaothong24h.vn,Đang hoạt động,https://giayphep.abei.gov.vn/i/128366
Trang TTĐT Tổng Hợp,,TẠP CHÍ ÁNH SÁNG VÀ CUỘC SỐNG,47/GP-TTĐT,"https://www.anhsangvacuocsong.vn, www.anhsangvacuocsong.com.vn, www.anhsangonline.vn",Đang hoạt động,https://giayphep.abei.gov.vn/i/129510
Trang TTĐT Tổng Hợp,,VỤ TIẾT KIỆM NĂNG LƯỢNG VÀ PHÁT TRIỂN BỀN VỮNG,43/GP-TTĐT,http://scp.gov.vn,Đang hoạt động,https://giayphep.abei.gov.vn/i/129042
Trang TTĐT Tổng Hợp,,VIỆN KHOA HỌC NGHIÊN CỨU NHÂN TÀI NHÂN LỰC,42/GP-TTĐT,https://www.nhantainhanluc.com.vn,Đang hoạt động,https://giayphep.abei.gov.vn/i/131401
Trang TTĐT Tổng Hợp,,TẠP CHÍ LÝ LUẬN CHÍNH TRỊ,41/GP-TTĐT,https://www.lyluanchinhtri.vn,Ngừng hoạt động,https://giayphep.abei.gov.vn/i/128763
Trang TTĐT Tổng Hợp,,SỞ THÔNG TIN VÀ TRUYỀN THÔNG PHÚ YÊN,35/GP-TTĐT,https://www.phuyen.info.vn,Ngừng hoạt động,https://giayphep.abei.gov.vn/i/128748
Trang TTĐT Tổng Hợp,,VIỆN KIỂM SÁT NHÂN DÂN CẤP CAO TẠI HÀ NỘI,29/GP-TTĐT,https://vkscapcaohanoi.gov.vn,Đang hoạt động,https://giayphep.abei.gov.vn/i/128012
Trang TTĐT Tổng Hợp,,TRUNG TÂM PHÁT TRIỂN VÀ HỘI NHẬP (CDI),27/GP-TTĐT,https://www.bhvietnam.net.vn,Đang hoạt động,https://giayphep.abei.gov.vn/i/129488
Trang TTĐT Tổng Hợp,,SỞ THÔNG TIN VÀ TRUYỀN THÔNG NAM ĐỊNH,25/GP-TTĐT,https://namdinh.gov.vn,Đang hoạt động,https://giayphep.abei.gov.vn/i/130204
Trang TTĐT Tổng Hợp,,CỤC TRUYỀN THÔNG CÔNG AN NHÂN DÂN,17/GP-TTĐT,https://www.cuctruyenthongcand.vn,Đang hoạt động,https://giayphep.abei.gov.vn/i/131319
Trang TTĐT Tổng Hợp,,ĐÀI PHÁT THANH VÀ TRUYỀN HÌNH LÀO CAI,13/GP-TTĐT,http://laocaitv.vn,Đang hoạt động,https://giayphep.abei.gov.vn/i/131290
Trang TTĐT Tổng Hợp,,HỘI NAM Y VIỆT NAM,14/GP-TTĐT,https://www.namyvasuckhoe.vn,Đang hoạt động,https://giayphep.abei.gov.vn/i/128436
Trang TTĐT Tổng Hợp,,BÁO ẢNH VIỆT NAM,15/GP-TTĐT,https://www.dep.com.vn,Đang hoạt động,https://giayphep.abei.gov.vn/i/127724
Trang TTĐT Tổng Hợp,,TẠP CHÍ TIẾP THỊ VÀ GIA ĐÌNH,08/GP-TTĐT,https://www.tiepthigiadinh.vn,Ngừng hoạt động,https://giayphep.abei.gov.vn/i/127719
Trang TTĐT Tổng Hợp,,KÊNH TRUYỀN HÌNH VĂN HÓA - DU LỊCH,06/GP-TTĐT,http://truyenhinhdulich.vn,Ngừng hoạt động,https://giayphep.abei.gov.vn/i/129460
Trang TTĐT Tổng Hợp,,ĐÀI PHÁT THANH VÀ TRUYỀN HÌNH HƯNG YÊN,07/GP-TTĐT,http://hungyentv.vn,Ngừng hoạt động,https://giayphep.abei.gov.vn/i/129439
Trang TTĐT Tổng Hợp,,VIỆN NGHIÊN CỨU BIỂN VÀ HẢI ĐẢO,321/GP-TTĐT,http://www.visi.ac.vn,Đang hoạt động,https://giayphep.abei.gov.vn/i/130871
Trang TTĐT Tổng Hợp,,CỤC QUẢN LÝ DƯỢC,318/GP-TTĐT,https://www.dav.gov.vn,Đang hoạt động,https://giayphep.abei.gov.vn/i/128747
Trang TTĐT Tổng Hợp,,HIỆP HỘI QUYỀN SAO CHÉP VIỆT NAM,314/GP-TTĐT,http://phapluatvatacquyen.vn,Đang hoạt động,https://giayphep.abei.gov.vn/i/130043
Trang TTĐT Tổng Hợp,,BÁO THỂ THAO THÀNH PHỐ HỒ CHÍ MINH,313/GP-TTĐT,https://www.thethaohcm.vn,Ngừng hoạt động,https://giayphep.abei.gov.vn/i/128970
Trang TTĐT Tổng Hợp,,VIỆN NGHIÊN CỨU Y DƯỢC HỌC THĂNG LONG,312/GP-TTĐT,http://yduocngaynay.vn,Ngừng hoạt động,https://giayphep.abei.gov.vn/i/131144
Trang TTĐT Tổng Hợp,,BAN QUẢN LÝ LĂNG CHỦ TỊCH HỒ CHÍ MINH,311/GP-TTĐT,https://www.bqllang.gov.vn; www.hcmm.gov.vn,Ngừng hoạt động,https://giayphep.abei.gov.vn/i/131182
Trang TTĐT Tổng Hợp,,TẠP CHÍ CHỨNG KHOÁN,300/GP-TTĐT,https://www.tapchichungkhoanvietnam.vn; www.chungkhoanvietnam.net.vn,Ngừng hoạt động,https://giayphep.abei.gov.vn/i/130035
Trang TTĐT Tổng Hợp,,VỤ KHOA HỌC VÀ CÔNG NGHỆ,294/GP-TTĐT,http://congnghiepcongnghesinhhoc.com.vn; http://congnghesinhhoc.com.vn,Đang hoạt động,https://giayphep.abei.gov.vn/i/129185
Trang TTĐT Tổng Hợp,,VỤ KHOA HỌC VÀ CÔNG NGHỆ,295/GP-BTTTT,"http://congnghiepcongnghecao.com.vn , htttp://hightechindustry.gov.vn , http://congnghiepcongnghecao.vn",Đang hoạt động,https://giayphep.abei.gov.vn/i/127823
Trang TTĐT Tổng Hợp,,VỤ KHOA HỌC VÀ CÔNG NGHỆ,296/GP-TTĐT,http://khencongthuong.vn; http://moitsciencetech.vn,Ngừng hoạt động,https://giayphep.abei.gov.vn/i/130624
Trang TTĐT Tổng Hợp,,VIỆN BÁO CHÍ VÀ TRUYỀN THÔNG XÃ HỘI,293/GP-TTĐT,http://vnvim.vn,Ngừng hoạt động,https://giayphep.abei.gov.vn/i/131136
Trang TTĐT Tổng Hợp,,BÁO THỜI BÁO LÀNG NGHỀ VIỆT,290/GP-TTĐT,https://www.thoibaoviet.com.vn; www.baolangnghe.vn,Ngừng hoạt động,https://giayphep.abei.gov.vn/i/128740
Trang TTĐT Tổng Hợp,,BÁO TIẾNG NÓI VIỆT NAM,279/GP-TTĐT,https://www.baotnvn.vn,Đang hoạt động,https://giayphep.abei.gov.vn/i/128850
Trang TTĐT Tổng Hợp,,ĐÀI PHÁT THANH VÀ TRUYỀN HÌNH QUẢNG NINH,273/GP-TTĐT,https://qtv.vn; qtv.com.vn; quangninhtv.vn; quangninhtv.com.vn,Đang hoạt động,https://giayphep.abei.gov.vn/i/128710
Trang TTĐT Tổng Hợp,,HỘI KỶ LỤC GIA VIỆT NAM,270/GP-TTĐT,http://www.kyluc.vn,Đang hoạt động,https://giayphep.abei.gov.vn/i/128899
Trang TTĐT Tổng Hợp,,TẠP CHÍ THẾ GIỚI GIA CẦM,254/GP-TTĐT,https://www.tapchigiacam.vn,Ngừng hoạt động,https://giayphep.abei.gov.vn/i/131006
Trang TTĐT Tổng Hợp,,VIỆN NGHIÊN CỨU CÁC VẤN ĐỀ XÃ HỘI,259/GP-TTĐT,https://www.duluanxahoi.com.vn,Ngừng hoạt động,https://giayphep.abei.gov.vn/i/131140
Trang TTĐT Tổng Hợp,,"VIỆN KINH TẾ, PHÁP LUẬT VÀ QUẢN LÝ",258/GP-TTĐT,http://kinhtevaphapluat.vn,Đang hoạt động,https://giayphep.abei.gov.vn/i/129900
Trang TTĐT Tổng Hợp,,TẠP CHÍ ĐÔNG NAM Á,256/GP-TTĐT,https://www.seatimes.com.vn,Đang hoạt động,https://giayphep.abei.gov.vn/i/130390
Trang TTĐT Tổng Hợp,,HIỆP HỘI DOANH NGHIỆP QUÂN ĐỘI,257/GP-TTĐT,http://hiephoidnqd.vn; http://hiephoidnqd.com.vn,Đang hoạt động,https://giayphep.abei.gov.vn/i/128844
Trang TTĐT Tổng Hợp,,"VIỆN NGHIÊN CỨU TÀI CHÍNH, ĐẦU TƯ VÀ HỢP TÁC, THƯƠNG MẠI ĐÔNG NAM Á",251/GP-TTĐT,http://phapluattaichinhvadautu.vn,Đang hoạt động,https://giayphep.abei.gov.vn/i/128649
Trang TTĐT Tổng Hợp,,ĐÀI PHÁT THANH - TRUYỀN HÌNH KHÁNH HÒA,250/GP-TTĐT,http://ktv.org.vn,Đang hoạt động,https://giayphep.abei.gov.vn/i/131119
Trang TTĐT Tổng Hợp,,TRUNG TÂM SẢN XUẤT PHIM TRUYỀN HÌNH,249/GP-TTĐT,https://www.vtvgiaitri.vn,Đang hoạt động,https://giayphep.abei.gov.vn/i/128824
Trang TTĐT Tổng Hợp,,TRUNG TÂM THÔNG TIN VÀ DỰ BÁO KINH TẾ - XÃ HỘI QUỐC GIA,247/GP-TTĐT,https://www.ncif.gov.vn,Ngừng hoạt động,https://giayphep.abei.gov.vn/i/127778
Trang TTĐT Tổng Hợp,,TẠP CHÍ MÔI TRƯỜNG ĐÔ THỊ VIỆT NAM,239/GP-TTĐT,https://www.phapluatmoitruong.vn; www.tintucmoitruong.vn; www.tinnhanhmoitruong.vn,Đang hoạt động,https://giayphep.abei.gov.vn/i/130111
Trang TTĐT Tổng Hợp,,BÁO KHĂN QUÀNG ĐỎ,235/GP-TTĐT,https://www.muctim.com.vn,Ngừng hoạt động,https://giayphep.abei.gov.vn/i/129865
Trang TTĐT Tổng Hợp,,VIỆN CÔNG NGHỆ CHỐNG LÀM GIẢ,227/GP-TTĐT,https://www.chonggiavacongluan.vn,Đang hoạt động,https://giayphep.abei.gov.vn/i/127977
Trang TTĐT Tổng Hợp,,BẢO TÀNG LỊCH SỬ QUỐC GIA,226/GP-TTĐT,http://baotanglichsuquocgia.vn; http://baotanglichsu.vn; http://vnmh.com.vn,Ngừng hoạt động,https://giayphep.abei.gov.vn/i/128777
Trang TTĐT Tổng Hợp,,CỤC Y TẾ DỰ PHÒNG,225/GP-TTĐT,http://suckhoetoandan.vn,Đang hoạt động,https://giayphep.abei.gov.vn/i/129110
Trang TTĐT Tổng Hợp,,TẠP CHÍ DOANH NGHIỆP VÀ THƯƠNG HIỆU,224/GP-TTĐT,https://www.doanhnghiepthuonghieu.vn,Đang hoạt động,https://giayphep.abei.gov.vn/i/131215
Trang TTĐT Tổng Hợp,,TẠP CHÍ CÔNG NGHIỆP MÔI TRƯỜNG,209/GP-TTĐT,"https://www.congnghiepmoitruong.vn, www.tapchicongnghiepmoitruong.vn",Ngừng hoạt động,https://giayphep.abei.gov.vn/i/129609
Trang TTĐT Tổng Hợp,,QUỸ BẢO TRỢ TRẺ EM VIỆT NAM,210/GP-TTĐT,http://www.nfvc.org.vn,Ngừng hoạt động,https://giayphep.abei.gov.vn/i/129641
Trang TTĐT Tổng Hợp,,HỘI ĐỒNG LÝ LUẬN TRUNG ƯƠNG,207/GP-TTĐT,http://www.hdll.vn,Đang hoạt động,https://giayphep.abei.gov.vn/i/128767
Trang TTĐT Tổng Hợp,,BÁO KINH DOANH VÀ PHÁP LUẬT,190/GP-TTĐT,https://kinhdoanhnet.vn,Đang hoạt động,https://giayphep.abei.gov.vn/i/130080
Trang TTĐT Tổng Hợp,,TẠP CHÍ HỢP TÁC VÀ PHÁT TRIỂN,188/GP-TTĐT,https://baohoptacphattrien.vn,Đang hoạt động,https://giayphep.abei.gov.vn/i/130890
Trang TTĐT Tổng Hợp,,BÁO GIÁO DỤC THÀNH PHỐ HỒ CHÍ MINH,181/GP-TTĐT,http://www.giaoduc.edu.vn,Đang hoạt động,https://giayphep.abei.gov.vn/i/128337
Trang TTĐT Tổng Hợp,,TRUNG TÂM THÔNG TIN CÔNG NGHIỆP VÀ THƯƠNG MẠI,182/GP-TTĐT,http://www.thuongmaibiengioimiennui.gov.vn,Ngừng hoạt động,https://giayphep.abei.gov.vn/i/129943
Trang TTĐT Tổng Hợp,,ĐÀI KHÍ TƯỢNG THỦY VĂN KHU VỰC ĐỒNG BẰNG BẮC BỘ,179/GP-TTĐT,http://daikttvdongbang.gov.vn; http://daikttvdongbang.com.vn,Đang hoạt động,https://giayphep.abei.gov.vn/i/128743
Trang TTĐT Tổng Hợp,,TẠP CHÍ CỬA VIỆT,183/GP-TTĐT,http://tapchicuaviet.com.vn,Ngừng hoạt động,https://giayphep.abei.gov.vn/i/128935
Trang TTĐT Tổng Hợp,,TẠP CHÍ VIỆT - MỸ,173/GP-TTĐT,https://vietmy.net.vn,Ngừng hoạt động,https://giayphep.abei.gov.vn/i/129884
Trang TTĐT Tổng Hợp,,TẠP CHÍ DOANH NGHIỆP VÀ HỘI NHẬP,168/GP-TTĐT,https://www.doanhnghiephoinhap.vn; www.doanhnghiephoinhap.com.vn,Ngừng hoạt động,https://giayphep.abei.gov.vn/i/130032
Trang TTĐT Tổng Hợp,,ĐÀI PHÁT THANH VÀ TRUYỀN HÌNH HÒA BÌNH,170/GP-TTĐT,https://www.hoabinhtv.vn,Ngừng hoạt động,https://giayphep.abei.gov.vn/i/129442
Trang TTĐT Tổng Hợp,,TRUNG TÂM DỮ LIỆU QUỐC GIA VỀ TÀI SẢN CÔNG (DPAC),171/GP-TTĐT,http://taisancong.vn,Ngừng hoạt động,https://giayphep.abei.gov.vn/i/129887
Trang TTĐT Tổng Hợp,,BÁO ĐỜI SỐNG VÀ PHÁP LUẬT,166/GP-TTĐT,http://www.doisongphapluat.com; http://www.doisongphapluat.com.vn,Ngừng hoạt động,https://giayphep.abei.gov.vn/i/131019
Trang TTĐT Tổng Hợp,,TRUNG TÂM BÁO CHÍ VÀ HỢP TÁC TRUYỀN THÔNG QUỐC TẾ,148/GP-TTĐT,https://www.vietbao.vn,Ngừng hoạt động,https://giayphep.abei.gov.vn/i/130749
Trang TTĐT Tổng Hợp,,TẠP CHÍ TÀI CHÍNH DOANH NGHIỆP,144/GP-TTĐT,https://www.tcdn.vn và www.taichinhdoanhnghiep.vn,Đang hoạt động,https://giayphep.abei.gov.vn/i/128813
Trang TTĐT Tổng Hợp,,VĂN PHÒNG ĐỀ ÁN BIÊN SOẠN BÁCH KHOA TOÀN THƯ VIỆT NAM,143/GP-TTĐT,http://www.deanbktt.vn,Đang hoạt động,https://giayphep.abei.gov.vn/i/130566
Trang TTĐT Tổng Hợp,,ĐÀI PHÁT THANH - TRUYỀN HÌNH KON TUM,138/GP-TTĐT,https://www.kontumtv.vn,Ngừng hoạt động,https://giayphep.abei.gov.vn/i/129455
Trang TTĐT Tổng Hợp,,ĐÀI PHÁT THANH VÀ TRUYỀN HÌNH BẮC NINH,129/GP-TTĐT,https://www.bacninhtv.vn.,Ngừng hoạt động,https://giayphep.abei.gov.vn/i/130246
Trang TTĐT Tổng Hợp,,VĂN PHÒNG CƠ QUAN THƯỜNG TRỰC BAN CHỈ ĐẠO QUỐC GIA KHẮC PHỤC HẬU QUẢ BOM MÌN và CHẤT ĐỘC HÓA HỌC SAU CHIẾN TRANH Ở VIỆT NAM (VĂN PHÒNG 701),116/GP-TTĐT,https://office701.gov.vn,Đang hoạt động,https://giayphep.abei.gov.vn/i/129920
Trang TTĐT Tổng Hợp,,TẠP CHÍ MÔI TRƯỜNG VÀ XÃ HỘI,114/GP-TTĐT,https://moitruongvaxahoi.vn,Ngừng hoạt động,https://giayphep.abei.gov.vn/i/129098
Trang TTĐT Tổng Hợp,,TẠP CHÍ HÀN QUỐC,112/GP-TTĐT,https://www.tapchihanquoc.vn; www.tapchihanquoc.com; www.news.vlive.tv,Ngừng hoạt động,https://giayphep.abei.gov.vn/i/128369
Trang TTĐT Tổng Hợp,,BÁO THỜI VỤ MÊ KÔNG,113/GP-TTĐT,https://mekongsean.vn,Đang hoạt động,https://giayphep.abei.gov.vn/i/127888
Trang TTĐT Tổng Hợp,,CỤC THƯƠNG MẠI ĐIỆN TỬ VÀ KINH TẾ SỐ,110/GP-TTĐT,https://www.idea.gov.vn,Đang hoạt động,https://giayphep.abei.gov.vn/i/130239
Trang TTĐT Tổng Hợp,,TẠP CHÍ HÀNG HÓA VÀ THƯƠNG HIỆU HÀ NỘI,109/GP-TTĐT,https://hanghoathuonghieuhn.vn,Đang hoạt động,https://giayphep.abei.gov.vn/i/128746
Trang TTĐT Tổng Hợp,,TRUNG TÂM THÔNG TIN CÔNG NGHIỆP VÀ THƯƠNG MẠI,104/GP-TTĐT,http://www.logistics.gov.vn,Ngừng hoạt động,https://giayphep.abei.gov.vn/i/128048
Trang TTĐT Tổng Hợp,,ĐÀI PHÁT THANH VÀ TRUYỀN HÌNH BẮC GIANG,97/GP-TTĐT,https://www.bacgiangtv.vn,Ngừng hoạt động,https://giayphep.abei.gov.vn/i/129918
Trang TTĐT Tổng Hợp,,"TRUNG TÂM PHÁT THANH, TRUYỀN HÌNH, ĐIỆN ẢNH CÔNG AN NHÂN DÂN",96/GP-TTĐT,https://antv.gov.vn; anninh.tv; truyenhinhcongan.com.vn; truyenhinhcongan.vn; truyenhinhcand.com.vn,Đang hoạt động,https://giayphep.abei.gov.vn/i/128772
Trang TTĐT Tổng Hợp,,SỞ THÔNG TIN VÀ TRUYỀN THÔNG THÀNH PHỐ HỒ CHÍ MINH,91/GP-TTĐT,https://ict-hcm.gov.vn,Đang hoạt động,https://giayphep.abei.gov.vn/i/128693
Trang TTĐT Tổng Hợp,,TỔNG CÔNG TY TRUYỀN HÌNH CÁP VIỆT NAM - VTVCAB,81/GP-TTĐT,https://on11.vn,Đang hoạt động,https://giayphep.abei.gov.vn/i/131279
Trang TTĐT Tổng Hợp,,TỔNG CÔNG TY TRUYỀN HÌNH CÁP VIỆT NAM - VTVCAB,80/GP-TTĐT,https://onsports.vn,Ngừng hoạt động,https://giayphep.abei.gov.vn/i/131231
Trang TTĐT Tổng Hợp,,ĐÀI PHÁT THANH VÀ TRUYỀN HÌNH QUẢNG TRỊ,64/GP-TTĐT,https://quangtritv.vn,Đang hoạt động,https://giayphep.abei.gov.vn/i/131117
Trang TTĐT Tổng Hợp,,SỞ THÔNG TIN VÀ TRUYỀN THÔNG KIÊN GIANG,70/GP-TTĐT,https://kiengiang.gov.vn; https://en.kiengiang.gov.vn,Ngừng hoạt động,https://giayphep.abei.gov.vn/i/128915
Trang TTĐT Tổng Hợp,,TẠP CHÍ NĂNG LƯỢNG VIỆT NAM,66/GP-TTĐT,https://nangluongvietnam.vn; vietnamenergy.vn,Đang hoạt động,https://giayphep.abei.gov.vn/i/130081
Trang TTĐT Tổng Hợp,,CÔNG ĐOÀN DỆT MAY VIỆT NAM,64/GP-TTĐT,https://congdoandetmay.vn,Đang hoạt động,https://giayphep.abei.gov.vn/i/131307
Trang TTĐT Tổng Hợp,,HIỆP HỘI PHÁT TRIỂN CHỢ VIỆT NAM,62/GP-TTĐT,https://www.hiephoicho.vn,Đang hoạt động,https://giayphep.abei.gov.vn/i/129186
Trang TTĐT Tổng Hợp,,TẠP CHÍ HÀNG HÓA VÀ THƯƠNG HIỆU HÀ NỘI,60/GP-TTĐT,https://hangthathanggia.vn,Ngừng hoạt động,https://giayphep.abei.gov.vn/i/131399
Trang TTĐT Tổng Hợp,,ĐÀI PHÁT THANH - TRUYỀN HÌNH TRÀ VINH,52/GP-TTĐT,https://www.travinhtv.vn; www.truyenhinhtravinh.vn,Ngừng hoạt động,https://giayphep.abei.gov.vn/i/130185
Trang TTĐT Tổng Hợp,,SỞ THÔNG TIN VÀ TRUYỀN THÔNG PHÚ THỌ,49/GP-TTĐT,http://stttt.phutho.gov.vn,Ngừng hoạt động,https://giayphep.abei.gov.vn/i/128947
Trang TTĐT Tổng Hợp,,TẠP CHÍ NHỊP CẦU ĐẦU TƯ,41/GP-TTĐT,https://www.nhipcaudautu.vn,Đang hoạt động,https://giayphep.abei.gov.vn/i/129029
Trang TTĐT Tổng Hợp,,HỘI NGHỆ SĨ SÂN KHẤU VIỆT NAM,32/GP-TTĐT,http://sankhau.com.vn,Ngừng hoạt động,https://giayphep.abei.gov.vn/i/128890
Trang TTĐT Tổng Hợp,,HỘI HỮU NGHỊ VIỆT NAM – LIÊN BANG NGA,33/GP-TTĐT,https://www.hoihuunghivietnga.vn,Ngừng hoạt động,https://giayphep.abei.gov.vn/i/131101
Trang TTĐT Tổng Hợp,,TẠP CHÍ THẾ GIỚI ẢNH,22/GP-TTĐT,https://thegioianh.vn; tiemnangviet.vn,Đang hoạt động,https://giayphep.abei.gov.vn/i/128867
Trang TTĐT Tổng Hợp,,TRUNG TÂM PHÁT TRIỂN THƯƠNG MẠI ĐIỆN TỬ,19/GP-TTĐT,https://www.vietnamexport.com,Ngừng hoạt động,https://giayphep.abei.gov.vn/i/129852
Trang TTĐT Tổng Hợp,,CỤC TRẺ EM,17/GP-TTĐT,https://www.treem.go.vn,Ngừng hoạt động,https://giayphep.abei.gov.vn/i/131280
Trang TTĐT Tổng Hợp,,TẠP CHÍ CÔNG AN NHÂN DÂN,16/GP-TTĐT,https://www.tapchicongannhandan.vn;  www.anninhvaxahoi.com.vn;  www.anninhvaxahoi.vn,Đang hoạt động,https://giayphep.abei.gov.vn/i/130273
Trang TTĐT Tổng Hợp,,SỞ THÔNG TIN VÀ TRUYỀN THÔNG HẢI PHÒNG,12/GP-TTĐT,https://e-haiphong.gov.vn; thanhphohaiphong.gov.vn,Đang hoạt động,https://giayphep.abei.gov.vn/i/129156
Trang TTĐT Tổng Hợp,,KÊNH VOV GIAO THÔNG QUỐC GIA,03/GP-TTĐT,https://vovgiaothong.vn,Đang hoạt động,https://giayphep.abei.gov.vn/i/128945
Trang TTĐT Tổng Hợp,,ĐÀI PHÁT THANH VÀ TRUYỀN HÌNH PHÚ YÊN,02/GP-TTĐT,https://ptpphuyen.vn,Đang hoạt động,https://giayphep.abei.gov.vn/i/130135
Trang TTĐT Tổng Hợp,,HIỆP HỘI NUÔI BIỂN VIỆT NAM,01/GP-TTĐT,https://hiephoivsa.com.vn,Ngừng hoạt động,https://giayphep.abei.gov.vn/i/127909
Trang TTĐT Tổng Hợp,,"CƠ QUAN ĐẠI DIỆN VĂN PHÒNG BỘ VĂN HÓA, THỂ THAO VÀ DU LỊCH",377/GP-TTĐT,https://www.vhttdlkv3.gov.vn,Ngừng hoạt động,https://giayphep.abei.gov.vn/i/129463
Trang TTĐT Tổng Hợp,,ĐÀI PHÁT THANH VÀ TRUYỀN HÌNH THÀNH PHỐ CẦN THƠ,378/GP-TTĐT,https://www.canthotv.vn; www.thtpct.vn; www.canthoradio.vn,Ngừng hoạt động,https://giayphep.abei.gov.vn/i/129171
Trang TTĐT Tổng Hợp,,TẠP CHÍ KHOA HỌC VÀ CÔNG NGHỆ NĂNG LƯỢNG,372/GP-TTĐT,https://energyscien.com.vn,Ngừng hoạt động,https://giayphep.abei.gov.vn/i/128750
Trang TTĐT Tổng Hợp,,TẠP CHÍ VĂN HIẾN VIỆT NAM,371/GP-TTĐT,https://vanhienplus.vn,Ngừng hoạt động,https://giayphep.abei.gov.vn/i/131396
Trang TTĐT Tổng Hợp,,ĐÀI PHÁT THANH VÀ TRUYỀN HÌNH VĨNH PHÚC,366/GP-TTĐT,http://www.vinhphuctv.vn,Đang hoạt động,https://giayphep.abei.gov.vn/i/129077
Trang TTĐT Tổng Hợp,,BAN QUẢN LÝ LĂNG CHỦ TỊCH HỒ CHÍ MINH,356/GP-TTĐT,https://www.bqllang.govn.vn và www.hcmm.gov.vn,Ngừng hoạt động,https://giayphep.abei.gov.vn/i/128791
Trang TTĐT Tổng Hợp,,TẠP CHÍ CÔNG AN NHÂN DÂN,359/GP-TTĐT,https://www.tapchicongannhandan.vn; www.tapchicongannhandan.vn; www.anninhvaxhoi.vn,Ngừng hoạt động,https://giayphep.abei.gov.vn/i/129864
Trang TTĐT Tổng Hợp,,VIỆN KIỂM SÁT NHÂN DÂN CẤP CAO - TẠI THÀNH PHỐ HỒ CHÍ MINH (VIỆN CẤP CAO 3),350/GP-TTĐT,https://vkscapcaohcm.gov.vn,Đang hoạt động,https://giayphep.abei.gov.vn/i/130875
Trang TTĐT Tổng Hợp,,VIỆN VĂN HÓA NGHỆ THUẬT QUỐC GIA VIỆT NAM,348/GPSĐBS-TTĐT,https://www.vicas.org.vn,Ngừng hoạt động,https://giayphep.abei.gov.vn/i/128348
Trang TTĐT Tổng Hợp,,THỜI BÁO DOANH NHÂN,344/GPSĐBS-TTĐT,https://tbdn.com.vn,Ngừng hoạt động,https://giayphep.abei.gov.vn/i/130925
Trang TTĐT Tổng Hợp,,BÁO ĐỜI SỐNG VÀ PHÁP LUẬT,340/GP-TTĐT,http://www.honnhanphapluat.vn,Đang hoạt động,https://giayphep.abei.gov.vn/i/128737
Trang TTĐT Tổng Hợp,,TRUNG TÂM THÔNG TIN CÔNG NGHIỆP VÀ THƯƠNG MẠI,341/GPSĐBS-TTĐT,http://nhanhieuviet.gov.vn,Ngừng hoạt động,https://giayphep.abei.gov.vn/i/130415
Trang TTĐT Tổng Hợp,,TRUNG TÂM THÔNG TIN CÔNG NGHIỆP VÀ THƯƠNG MẠI,343/GPSĐBS-TTĐT,http://asemconnectvietnam.gov.vn,Ngừng hoạt động,https://giayphep.abei.gov.vn/i/128351
Trang TTĐT Tổng Hợp,,TRUNG TÂM THÔNG TIN CÔNG NGHIỆP VÀ THƯƠNG MẠI,342/GPSĐBS-TTĐT,"http://vinanet.com.vn, http://vinanet.vn",Ngừng hoạt động,https://giayphep.abei.gov.vn/i/130184
Trang TTĐT Tổng Hợp,,TRUNG TÂM TRUYỀN HÌNH THÔNG TẤN,329/GP-TTĐT,https://vnews.gov.vn,Đang hoạt động,https://giayphep.abei.gov.vn/i/129429
Trang TTĐT Tổng Hợp,,CƠ QUAN ĐIỀU TRA -  VIỆN KIỂM SÁT NHÂN DÂN TỐI CAO,321/GP-TTĐT,https://www.coquandieutravkstc.gov.vn,Ngừng hoạt động,https://giayphep.abei.gov.vn/i/129812
Trang TTĐT Tổng Hợp,,TẠP CHÍ THÔNG TIN VÀ DỰ BÁO KINH TẾ - XÃ HỘI,322/GP-TTĐT,https://tindubao.vn,Đang hoạt động,https://giayphep.abei.gov.vn/i/128181
Trang TTĐT Tổng Hợp,,TRUNG TÂM CON NGƯỜI VÀ THIÊN NHIÊN,313/GP-TTĐT,https://www.nature.com.vn; www.thiennhien.net,Ngừng hoạt động,https://giayphep.abei.gov.vn/i/130730
Trang TTĐT Tổng Hợp,,ĐÀI TRUYỀN HÌNH KỸ THUẬT SỐ VTC,314/GP-TTĐT,http://vtc.gov.vn,Ngừng hoạt động,https://giayphep.abei.gov.vn/i/131110
Trang TTĐT Tổng Hợp,,TẠP CHÍ VĂN HÓA DOANH NGHIỆP VIỆT NAM,312/GP-TTĐT,https://vanhoadoanhnghiepvn.vn,Ngừng hoạt động,https://giayphep.abei.gov.vn/i/128360
Trang TTĐT Tổng Hợp,,BỆNH VIỆN K,303/GP-TTĐT,http://benhvienk.vn,Ngừng hoạt động,https://giayphep.abei.gov.vn/i/129032
Trang TTĐT Tổng Hợp,,NHÀ XUẤT BẢN CÔNG THƯƠNG,304/GP-TTĐT,https://nhaxuatbancongthuong.com.vn nhaxuatbancongthuong.gov.vn,Đang hoạt động,https://giayphep.abei.gov.vn/i/129851
Trang TTĐT Tổng Hợp,,BÁO KHOA HỌC VÀ ĐỜI SỐNG,298/GP-TTĐT,"https://khoahocdoisong.vn, khoahocdoisong.com.vn",Ngừng hoạt động,https://giayphep.abei.gov.vn/i/128939
Trang TTĐT Tổng Hợp,,CÔNG ĐOÀN CAO SU VIỆT NAM,299/GP-TTĐT,https://www.congdoancaosu.vn,Ngừng hoạt động,https://giayphep.abei.gov.vn/i/130208
Trang TTĐT Tổng Hợp,,"TRUNG TÂM ĐÀO TẠO, TƯ VẤN VÀ THÔNG TIN KINH TẾ",291/GPSĐBS-TTĐT,https://www.cetai.org.vn,Ngừng hoạt động,https://giayphep.abei.gov.vn/i/130674
Trang TTĐT Tổng Hợp,,ĐÀI PHÁT THANH VÀ TRUYỀN HÌNH HẢI PHÒNG,283/GP-TTĐT,https://www.thhp.vn,Ngừng hoạt động,https://giayphep.abei.gov.vn/i/130477
Trang TTĐT Tổng Hợp,,SỞ THÔNG TIN VÀ TRUYỀN THÔNG TÂY NINH,281/GP-TTĐT,https://tayninh.gov.vn,Đang hoạt động,https://giayphep.abei.gov.vn/i/127767
Trang TTĐT Tổng Hợp,,TRUNG TÂM ĐIỀU PHỐI QUỐC GIA VỀ GHÉP BỘ PHẬN CƠ THỂ NGƯỜI,278/GP-TTĐT,https://vnhot.vn và vnhot.com.vn,Đang hoạt động,https://giayphep.abei.gov.vn/i/128751
Trang TTĐT Tổng Hợp,,TẠP CHÍ THỂ THAO VÀ CUỘC SỐNG,277/GP-TTĐT,https://thethaocuocsong.vn,Ngừng hoạt động,https://giayphep.abei.gov.vn/i/130353
Trang TTĐT Tổng Hợp,,TẠP CHÍ KHOA HỌC KỸ THUẬT CHĂN NUÔI,279/GP-TTĐT,https://www.nhachannuoi.vn,Đang hoạt động,https://giayphep.abei.gov.vn/i/127769
Trang TTĐT Tổng Hợp,,HỘI ĐỒNG XỔ SỐ KIẾN THIẾT KHU VỰC MIỀN NAM,273/GP-TTĐT,https://www.xsktmiennam.vn,Đang hoạt động,https://giayphep.abei.gov.vn/i/130979
Trang TTĐT Tổng Hợp,,BÁO HƯNG YÊN,271/GP-TTDT,https://www.baohungyen.vn; www.baohungyen.org.vn,Ngừng hoạt động,https://giayphep.abei.gov.vn/i/131070
Trang TTĐT Tổng Hợp,,ĐÀI TRUYỀN HÌNH THÀNH PHỐ HỒ CHÍ MINH,272/GP-TTĐT,https://www.htv.com.vn,Ngừng hoạt động,https://giayphep.abei.gov.vn/i/128924
Trang TTĐT Tổng Hợp,,ĐÀI PHÁT THANH VÀ TRUYỀN HÌNH HÀ NAM,263/GP-TTĐT,"https://www.hanamtv.vn, www.hanamtv.org.vn",Ngừng hoạt động,https://giayphep.abei.gov.vn/i/128170
Trang TTĐT Tổng Hợp,,SỞ THÔNG TIN VÀ TRUYỀN THÔNG HƯNG YÊN,260/GP-TTĐT,http://doingoaihungyen.vn,Đang hoạt động,https://giayphep.abei.gov.vn/i/129138
Trang TTĐT Tổng Hợp,,SỞ THÔNG TIN VÀ TRUYỀN THÔNG HƯNG YÊN,261/GP-TTĐT,http://sotttt.hungyen.gov.vn,Đang hoạt động,https://giayphep.abei.gov.vn/i/129127
Trang TTĐT Tổng Hợp,,TẠP CHÍ VIETNAM BUSINESS FORUM,258/GP-TTĐT,https://www.vccinews.vn,Đang hoạt động,https://giayphep.abei.gov.vn/i/129137
Trang TTĐT Tổng Hợp,,VIỆN KHOA HỌC GIÁO DỤC VIỆT NAM,257/GP-TTĐT,https://www.wnies.edu.vn,Ngừng hoạt động,https://giayphep.abei.gov.vn/i/128143
Trang TTĐT Tổng Hợp,,ĐÀI PHÁT THANH VÀ TRUYỀN HÌNH HÀ TĨNH,254/GP-TTĐT,https://www.hatinhtv.vn; www.hatinhtv.com.vn,Đang hoạt động,https://giayphep.abei.gov.vn/i/130751
Trang TTĐT Tổng Hợp,,VIỆN NGHIÊN CỨU CHIẾN LƯỢC THƯƠNG HIỆU VÀ CẠNH TRANH,255/GP-TTĐT,https://www.bcsi.edu.vn,Ngừng hoạt động,https://giayphep.abei.gov.vn/i/129033
Trang TTĐT Tổng Hợp,,BẢO HIỂM XÃ HỘI VIỆT NAM,253/GP-TTĐT,https://baohiemxahoi.gov.vn; vss.gov.vn,Ngừng hoạt động,https://giayphep.abei.gov.vn/i/128769
Trang TTĐT Tổng Hợp,,CỤC QUẢN LÝ MÔI TRƯỜNG Y TẾ,250/GP-TTĐT,http://vihema.gov.vn,Ngừng hoạt động,https://giayphep.abei.gov.vn/i/129809
Trang TTĐT Tổng Hợp,,ĐÀI PHÁT THANH - TRUYỀN HÌNH QUẢNG NAM,251/GP-TTĐT,https://www.qrt.vn; www.qrt.com.vn,Đang hoạt động,https://giayphep.abei.gov.vn/i/129290
Trang TTĐT Tổng Hợp,,BÁO NGƯỜI HÀ NỘI,246/GP-TTĐT,https://www.nguoihanoi.com.vn,Đang hoạt động,https://giayphep.abei.gov.vn/i/131133
Trang TTĐT Tổng Hợp,,ĐÀI PHÁT THANH VÀ TRUYỀN HÌNH ĐẮK LẮK,241/GP-TTĐT,https://drt.vn,Ngừng hoạt động,https://giayphep.abei.gov.vn/i/130055
Trang TTĐT Tổng Hợp,,TẠP CHÍ CƠ KHÍ VIỆT NAM,242/GP-TTĐT,https://cokhivietnam.vn và tapchicokhi.vn,Đang hoạt động,https://giayphep.abei.gov.vn/i/128030
Trang TTĐT Tổng Hợp,,SỞ THÔNG TIN VÀ TRUYỀN THÔNG BÌNH ĐỊNH,238/GP-TTĐT,http://www.binhdinh.gov.vn,Đang hoạt động,https://giayphep.abei.gov.vn/i/130858
Trang TTĐT Tổng Hợp,,TẠP CHÍ XÂY DỰNG,235/GP-TTĐT,https://tapchixaydungbxd.vn,Ngừng hoạt động,https://giayphep.abei.gov.vn/i/129014
Trang TTĐT Tổng Hợp,,TẠP CHÍ XÂY DỰNG ĐẢNG,232/GP-TTĐT,https://www.bualiemvang.org.vn; www.bualiemvang.vn,Đang hoạt động,https://giayphep.abei.gov.vn/i/130907
Trang TTĐT Tổng Hợp,,TẠP CHÍ ĐIỆN ẢNH VIỆT NAM,234/GP-TTĐT,https://dienanhvietnam.com.vn,Đang hoạt động,https://giayphep.abei.gov.vn/i/131361
Trang TTĐT Tổng Hợp,,BAN CHỈ ĐẠO THỰC HIỆN ĐỀ ÁN ÁP DỤNG MÔ HÌNH THÔNG TIN CÔNG TRÌNH (BIM) TRONG HOẠT ĐỘNG XÂY DỰNG VÀ QUẢN LÝ VẬN HÀNH CÔNG TRÌNH,221/GP-TTĐT,https://bim.gov.vn,Ngừng hoạt động,https://giayphep.abei.gov.vn/i/128365
Trang TTĐT Tổng Hợp,,ĐÀI PHÁT THANH VÀ TRUYỀN HÌNH HÀ NỘI,220/GP-TTĐT,https://www.hanoitv.vn,Ngừng hoạt động,https://giayphep.abei.gov.vn/i/128914
Trang TTĐT Tổng Hợp,,TẠP CHÍ KIẾN TRÚC,219/GP-TTĐT,https://www.nhadep-magazine.com.vn,Đang hoạt động,https://giayphep.abei.gov.vn/i/130142
Trang TTĐT Tổng Hợp,,QUỸ HỖ TRỢ SÁNG TẠO VĂN HỌC NGHỆ THUẬT VIỆT NAM,210/GP-TTĐT,http://vifolac.vn,Ngừng hoạt động,https://giayphep.abei.gov.vn/i/127787
Trang TTĐT Tổng Hợp,,BÁO ĐÀ NẴNG,202/GPSĐBS-TTĐT,https://www.baodanang.vn,Ngừng hoạt động,https://giayphep.abei.gov.vn/i/128438
Trang TTĐT Tổng Hợp,,"TRUNG TÂM PHÁT THANH, TRUYỀN HÌNH, ĐIỆN ẢNH CÔNG AN NHÂN DÂN",190/GP-TTĐT,https://anninh.tv; truyenhinhcongan.com.vn; truyenhinhcand.com.vn,Ngừng hoạt động,https://giayphep.abei.gov.vn/i/129321
Trang TTĐT Tổng Hợp,,CỤC XÂY DỰNG PHONG TRÀO TOÀN DÂN BẢO VỆ AN NINH TỔ QUỐC,186/GP-TTĐT,http://phongtraoantq.gov.vn,Đang hoạt động,https://giayphep.abei.gov.vn/i/130893
Trang TTĐT Tổng Hợp,,ĐÀI PHÁT THANH VÀ TRUYỀN HÌNH ĐẮK NÔNG,185/GP-TTĐT,https://www.ptthdaknong.com.vn; www.truyenhinhdaknong.vn,Ngừng hoạt động,https://giayphep.abei.gov.vn/i/128974
Trang TTĐT Tổng Hợp,,ỦY BAN ĐOÀN KẾT CÔNG GIÁO VIỆT NAM,183/GP-TTĐT,http://ubdkegvn.org.vn,Đang hoạt động,https://giayphep.abei.gov.vn/i/130654
Trang TTĐT Tổng Hợp,,TRUNG ƯƠNG HỘI LIÊN HIỆP PHỤ NỮ VIỆT NAM,179/GP-TTĐT,http://hoihn.org.vn; http://www.vnu.vn,Ngừng hoạt động,https://giayphep.abei.gov.vn/i/128789
Trang TTĐT Tổng Hợp,,HỘI KHOA HỌC KỸ THUẬT CÔNG NGHIỆP TÀU THỦY VIỆT NAM,174/GP-TTĐT,http://congnghieptauthuyvietnam.vn,Ngừng hoạt động,https://giayphep.abei.gov.vn/i/129738
Trang TTĐT Tổng Hợp,,VỤ ĐÀO TẠO,175/GP-TTĐT,http://www.daotao-vhttdl.vn,Ngừng hoạt động,https://giayphep.abei.gov.vn/i/128900
Trang TTĐT Tổng Hợp,,TẠP CHÍ GIÁO DỤC THỦ ĐÔ,170/GPSĐBS-TTĐT,https://www.giaoducthudo.com.vn,Ngừng hoạt động,https://giayphep.abei.gov.vn/i/127756
Trang TTĐT Tổng Hợp,,VIỆN KIỂM SÁT NHÂN DÂN TỈNH KHÁNH HÒA,171/GPSĐBS-TTĐT,https://www.vkskh.gov.vn,Ngừng hoạt động,https://giayphep.abei.gov.vn/i/130017
Trang TTĐT Tổng Hợp,,TẠP CHÍ VĂN NGHỆ XỨ THANH,162/GP-TTĐT,https://tapchixuthanh.vn,Ngừng hoạt động,https://giayphep.abei.gov.vn/i/130644
Trang TTĐT Tổng Hợp,,TẠP CHÍ VIỆT NAM HỘI NHẬP,153/GP-TTĐT,https://vietnamhoinhap.vn,Ngừng hoạt động,https://giayphep.abei.gov.vn/i/128344
Trang TTĐT Tổng Hợp,,TRƯỜNG HẢI QUAN VIỆT NAM,146/GPSĐBS-TTĐT,https://www.truonghaiquan.edu.vn,Ngừng hoạt động,https://giayphep.abei.gov.vn/i/129146
Trang TTĐT Tổng Hợp,,TRUNG TÂM ĐIỆN ẢNH THỂ THAO VÀ DU LỊCH VIỆT NAM,13/GPSĐBS-TTĐT,https://vhtv.vn,Ngừng hoạt động,https://giayphep.abei.gov.vn/i/130850
Trang TTĐT Tổng Hợp,,TẠP CHÍ KHÁM PHÁ,105/GP-TTĐT,https://sangkiencongdong.vn; socialideas.vn,Đang hoạt động,https://giayphep.abei.gov.vn/i/130564
Trang TTĐT Tổng Hợp,,TẠP CHÍ ĐỒ UỐNG VIỆT NAM,98/GP-TTĐT,https://tapchidouong.com.vn,Ngừng hoạt động,https://giayphep.abei.gov.vn/i/129449
Trang TTĐT Tổng Hợp,,"TRUNG TÂM PHÁT TRIỂN KHOA HỌC, CÔNG NGHỆ VÀ TÀI NĂNG TRẺ",102/GP-TTĐT,https://www.tainangviet.vn,Ngừng hoạt động,https://giayphep.abei.gov.vn/i/130482
Trang TTĐT Tổng Hợp,,KÊNH SỨC KHỎE VÀ AN TOÀN THỰC PHẨM (VOV SỨC KHỎE FM 89),103/GP-TTĐT,https://www.vovfm89.vn,Đang hoạt động,https://giayphep.abei.gov.vn/i/128127
Trang TTĐT Tổng Hợp,,ĐÀI PHÁT THANH - TRUYỀN HÌNH CAO BẰNG,94/GP-TTĐT,https://www.caobangtv.vn,Ngừng hoạt động,https://giayphep.abei.gov.vn/i/129039
Trang TTĐT Tổng Hợp,,ĐÀI PHÁT THANH VÀ TRUYỀN HÌNH THÁI BÌNH,95/GP-TTĐT,https://thaibinhtv.vn,Đang hoạt động,https://giayphep.abei.gov.vn/i/129650
Trang TTĐT Tổng Hợp,,VỤ QUẢN LÝ QUY HOẠCH,92/GP-TTĐT,https://www.mienbienthuy.vn,Đang hoạt động,https://giayphep.abei.gov.vn/i/128957
Trang TTĐT Tổng Hợp,,SỞ THÔNG TIN VÀ TRUYỀN THÔNG TỈNH GIA LAI,91/GP-TTĐT,http://stttt.gialai.gov.vn,Ngừng hoạt động,https://giayphep.abei.gov.vn/i/129850
Trang TTĐT Tổng Hợp,,"TRUNG TÂM THÔNG TIN, HỢP TÁC QUỐC TẾ VÀ TƯ VẤN PHÁT TRIỂN ĐÔ THỊ",81/GP-TTĐT,https://vuf.vn; đienandothi.vn,Đang hoạt động,https://giayphep.abei.gov.vn/i/129936
Trang TTĐT Tổng Hợp,,CÔNG ĐOÀN THAN - KHOÁNG SẢN VIỆT NAM,75/GP-TTĐT,https://www.congdoantkv.vn,Đang hoạt động,https://giayphep.abei.gov.vn/i/131362
Trang TTĐT Tổng Hợp,,TẠP CHÍ KHÁM PHÁ,76/GP-TTĐT,https://khoinghiepsangtao.vn; thehub.vn,Ngừng hoạt động,https://giayphep.abei.gov.vn/i/128928
Trang TTĐT Tổng Hợp,,TẠP CHÍ KHOA HỌC VÀ CÔNG NGHỆ VIỆT NAM,73/GP-TĐTT,http://khoahocvacongnghevietnam.com.vn,Ngừng hoạt động,https://giayphep.abei.gov.vn/i/129845
Trang TTĐT Tổng Hợp,,CỤC CÔNG NGHỆ THÔNG TIN,58/GP-TTĐT,https://ictmoh.gov.vn và ehealth.gov.vn,Đang hoạt động,https://giayphep.abei.gov.vn/i/130622
Trang TTĐT Tổng Hợp,,LIÊN CHI HỘI NHÀ BÁO THÔNG TIN VÀ TRUYỀN THÔNG,56/GP-TTĐT,http://ictpress.vn,Đang hoạt động,https://giayphep.abei.gov.vn/i/128583
Trang TTĐT Tổng Hợp,,VIỆN KIỂM ĐỊNH QUỐC GIA VẮC XIN VÀ SINH PHẨM Y TẾ,47/GP-TTĐT,http://nicvb.org.vn,Đang hoạt động,https://giayphep.abei.gov.vn/i/131320
Trang TTĐT Tổng Hợp,,BÁO MÀN ẢNH SÂN KHẤU,16/GP-TTĐT,https://www.maskonline.vn,Ngừng hoạt động,https://giayphep.abei.gov.vn/i/128028
Trang TTĐT Tổng Hợp,,ĐÀI PHÁT THANH - TRUYỀN HÌNH ĐỒNG NAI,39/GP-TTĐT,http://www.dnrtv.org.vn,Ngừng hoạt động,https://giayphep.abei.gov.vn/i/127774
Trang TTĐT Tổng Hợp,,ĐÀI PHÁT THANH - TRUYỀN HÌNH AN GIANG,38/GP-TTĐT,https://www.atv.org.vn,Đang hoạt động,https://giayphep.abei.gov.vn/i/128889
Trang TTĐT Tổng Hợp,,SỞ THÔNG TIN VÀ TRUYỀN THÔNG THÀNH PHỐ ĐÀ NẴNG,37/GP-BTTTT,https://www.ttt.danang.gov.vn,Đang hoạt động,https://giayphep.abei.gov.vn/i/130168
Trang TTĐT Tổng Hợp,,TRUNG ƯƠNG HỘI NÔNG DÂN VIỆT NAM,15/GP-TTĐT,https://hoinongdan.org.vn; nongdan.vn,Đang hoạt động,https://giayphep.abei.gov.vn/i/130552
Trang TTĐT Tổng Hợp,,HỘI NHÀ VĂN VIỆT NAM,16/GP-TTĐT,https://www.vanvn.net; www.hoinhavanvietnam.vn; www.hoinhavanvietnam.com.vn,Ngừng hoạt động,https://giayphep.abei.gov.vn/i/127918
Trang TTĐT Tổng Hợp,,BÁO NINH BÌNH,09/GP-TTĐT,https://www.baoninhbinh.org.vn,Ngừng hoạt động,https://giayphep.abei.gov.vn/i/128863
Trang TTĐT Tổng Hợp,,ĐÀI PHÁT THANH VÀ TRUYỀN HÌNH BẮC KẠN,253/GP-TTĐT,https://backantv.vn; blktv.vn,Ngừng hoạt động,https://giayphep.abei.gov.vn/i/130361
Trang TTĐT Tổng Hợp,,BỘ TƯ LỆNH BỘ ĐỘI BIÊN PHÒNG,251/GP-TTĐT,https://bienphongvietnam.vn; bienphongvietnam.gov.vn; bienphongvietnam.com.vn,Ngừng hoạt động,https://giayphep.abei.gov.vn/i/131400
Trang TTĐT Tổng Hợp,,HỘI ĐIỆN LỰC MIỀN NAM,252/GP-TTĐT,https://seea.vn,Ngừng hoạt động,https://giayphep.abei.gov.vn/i/129196
Trang TTĐT Tổng Hợp,,TẠP CHÍ NHA TRANG,240/GP-TTĐT,https://tapchinhatrang.com.vn,Đang hoạt động,https://giayphep.abei.gov.vn/i/130332
Trang TTĐT Tổng Hợp,,BÁO LAO ĐỘNG NGHỆ AN,241/GP-TTĐT,https://laodongnghean.vn,Đang hoạt động,https://giayphep.abei.gov.vn/i/130322
Trang TTĐT Tổng Hợp,,HỘI BẢO VỆ THIÊN NHIÊN VÀ MÔI TRƯỜNG VIỆT NAM,217/GP-TTĐT,https://moitruong24h.vn,Đang hoạt động,https://giayphep.abei.gov.vn/i/128367
Trang TTĐT Tổng Hợp,,TẠP CHÍ HỮU NGHỊ,216/GP-TTĐT,https://www.tapchihuunghi.vn,Đang hoạt động,https://giayphep.abei.gov.vn/i/129022
Trang TTĐT Tổng Hợp,,TẠP CHÍ DOANH NGHIỆP VÀ THƯƠNG MẠI,214/GP-TTĐT,http://www.dntm.vn,Đang hoạt động,https://giayphep.abei.gov.vn/i/129166
Trang TTĐT Tổng Hợp,,HIỆP HỘI CAO SU VIỆT NAM,212/GP-TTĐT,https://www.vra.com.vn,Đang hoạt động,https://giayphep.abei.gov.vn/i/127876
Trang TTĐT Tổng Hợp,,TỔNG LIÊN ĐOÀN LAO ĐỘNG VIỆT NAM,213/GP-TTĐT,https://congdoan.vn,Đang hoạt động,https://giayphep.abei.gov.vn/i/128755
Trang TTĐT Tổng Hợp,,TẠP CHÍ NGÂN HÀNG,210/GP-TTĐT,https://www.tapchinganhang.com.vn; www.tapchinganhang.gov.vn,Ngừng hoạt động,https://giayphep.abei.gov.vn/i/128703
Trang TTĐT Tổng Hợp,,TẠP CHÍ PHÁP LUẬT VÀ PHÁT TRIỂN,211/GP-TTĐT,https://www.phapluatvaphattrien.vn,Ngừng hoạt động,https://giayphep.abei.gov.vn/i/129162
Trang TTĐT Tổng Hợp,,VIỆN KINH TẾ XÂY DỰNG,205/GP-TTĐT,https://kinhtexaydung.gov.vn; kinhtexaydung.com,Ngừng hoạt động,https://giayphep.abei.gov.vn/i/127893
Trang TTĐT Tổng Hợp,,TRUNG TÂM INTERNET VIỆT NAM,206/GP-TTĐT,http://www.vnnic.vn,Ngừng hoạt động,https://giayphep.abei.gov.vn/i/127728
Trang TTĐT Tổng Hợp,,TẠP CHÍ CÔNG NGHỆ NGÂN HÀNG,201/GP-TTĐT,https://tapchicnnh.buh.edu.vn,Đang hoạt động,https://giayphep.abei.gov.vn/i/130206
Trang TTĐT Tổng Hợp,,ĐÀI PHÁT THANH - TRUYỀN HÌNH THÁI NGUYÊN,198/GPSĐBS-TTĐT,https://www.thainguyentv.vn,Ngừng hoạt động,https://giayphep.abei.gov.vn/i/129457
Trang TTĐT Tổng Hợp,,TRUNG TÂM XÚC TIẾN ĐẦU TƯ PHÁT TRIỂN CÔNG THƯƠNG,183/GP-TTĐT,https://www.investvietnam.gov.vn,Ngừng hoạt động,https://giayphep.abei.gov.vn/i/130258
Trang TTĐT Tổng Hợp,,THỜI BÁO DOANH NHÂN,182/GP-TTĐT,https://thoibaodoanhnhan.com.vn; tbdn.vn,Ngừng hoạt động,https://giayphep.abei.gov.vn/i/129517
Trang TTĐT Tổng Hợp,,VỤ ĐÀO TẠO,150/GPSĐSB-TĐTT,http://www.daotao-vhttdl.vn,Ngừng hoạt động,https://giayphep.abei.gov.vn/i/128672
Trang TTĐT Tổng Hợp,,TẠP CHÍ DOANH NGHIỆP VÀ HỘI NHẬP,132/GPSĐBS-TTĐT,https://www.doanhnghiephoinhap.vn; www.doanhnghiephoinhap.com.vn,Ngừng hoạt động,https://giayphep.abei.gov.vn/i/130753
Trang TTĐT Tổng Hợp,,CÔNG ĐOÀN DẦU KHÍ VIỆT NAM,109/GPSĐBS-TTĐT,https://www.congdoandaukhi.vn,Ngừng hoạt động,https://giayphep.abei.gov.vn/i/128925
Trang TTĐT Tổng Hợp,,TẠP CHÍ KIỂM TRA,88/GP-TTĐT,https://www.ubkttw.vn,Ngừng hoạt động,https://giayphep.abei.gov.vn/i/127962
Trang TTĐT Tổng Hợp,,TẠP CHÍ TÀI CHÍNH DOANH NGHIỆP,73/GP-TTĐT,https://www.tcdn.vn; www.Fbusiness.vn,Đang hoạt động,https://giayphep.abei.gov.vn/i/128038
Trang TTĐT Tổng Hợp,,TẠP CHÍ GIÁO DỤC,72/GP-TTĐT,http://tapchigiaoduc.moet.edu.vn,Đang hoạt động,https://giayphep.abei.gov.vn/i/128964
Trang TTĐT Tổng Hợp,,TRUNG ƯƠNG HỘI LIÊN HIỆP THANH NIÊN VIỆT NAM,77/GP-TTĐT,http://thanhgiong.vn,Đang hoạt động,https://giayphep.abei.gov.vn/i/130895
Trang TTĐT Tổng Hợp,,SỞ THÔNG TIN VÀ TRUYỀN THÔNG THÀNH PHỐ HÀ NỘI,71/GP-TTĐT,https://thudoxanhsachdep.hanoi.gov.vn,Ngừng hoạt động,https://giayphep.abei.gov.vn/i/129494
Trang TTĐT Tổng Hợp,,TẠP CHÍ THỊ TRƯỜNG GIÁ CẢ,70/GP-TTĐT,http://thitruonggiacabds.vn,Ngừng hoạt động,https://giayphep.abei.gov.vn/i/130308
Trang TTĐT Tổng Hợp,,HỘI NHÀ BÁO VIỆT NAM,79A/GP-TTĐT,https://www.hoinhabaovietnam.vn; www.nhabaovagiamsatxahoi.vn,Đang hoạt động,https://giayphep.abei.gov.vn/i/130899
Trang TTĐT Tổng Hợp,,TẠP CHÍ KIỂM TRA,78a/GP-TTĐT,https://www.ubkttw.vn,Ngừng hoạt động,https://giayphep.abei.gov.vn/i/128700
Trang TTĐT Tổng Hợp,,BỆNH VIỆN DA LIỄU TRUNG ƯƠNG,79/GP-TTĐT,http://dalieu.vn,Đang hoạt động,https://giayphep.abei.gov.vn/i/130904
Trang TTĐT Tổng Hợp,,TẠP CHÍ KHU CÔNG NGHIỆP VIỆT NAM,59/GP-TTĐT,http://khucongnghiep.com.vn,Ngừng hoạt động,https://giayphep.abei.gov.vn/i/127958
Trang TTĐT Tổng Hợp,,TẠP CHÍ KINH TẾ,78/GP-TTĐT,http://kinhteonline.vn,Đang hoạt động,https://giayphep.abei.gov.vn/i/130356
Trang TTĐT Tổng Hợp,,BÁO GIÁO DỤC THÀNH PHỐ HỒ CHÍ MINH,68/GP-TTĐT,http://www.vtmonline.vn,Đang hoạt động,https://giayphep.abei.gov.vn/i/129323
Trang TTĐT Tổng Hợp,,SỞ THÔNG TIN VÀ TRUYỀN THÔNG KIÊN GIANG,67/GPSĐBS-TTĐT,https://www.sotttt.kiengiang.gov.vn,Ngừng hoạt động,https://giayphep.abei.gov.vn/i/127989
Trang TTĐT Tổng Hợp,,SỞ THÔNG TIN VÀ TRUYỀN THÔNG VĨNH LONG,66/GPSĐBS-TTĐT,http://www.stttt.vinhlong.gov.vn,Ngừng hoạt động,https://giayphep.abei.gov.vn/i/130474
Trang TTĐT Tổng Hợp,,HỘI Y HỌC DỰ PHÒNG VIỆT NAM,62/GP-TTĐT,https://www.yhocduphong.com; www.hoiyhocduphong.vn,Đang hoạt động,https://giayphep.abei.gov.vn/i/128049
Trang TTĐT Tổng Hợp,,VIỆN HUYẾT HỌC - TRUYỀN MÁU TRUNG ƯƠNG,60/GP-TTĐT,https://www.nihbt.org.vn,Đang hoạt động,https://giayphep.abei.gov.vn/i/129944
Trang TTĐT Tổng Hợp,,VỤ THƯƠNG MẠI BIÊN GIỚI VÀ MIỀN NÚI,63/GP-TTĐT,http://www.thuongmaibiengioimiennui.gov.vn,Ngừng hoạt động,https://giayphep.abei.gov.vn/i/130610
Trang TTĐT Tổng Hợp,,"TẠP CHÍ CẢNH SÁT PHÒNG, CHỐNG TỘI PHẠM",61/GPSĐBS-TTĐT,https://www.tapchicanhsat.com.vn; www.phongchongmatuy.com.vn,Ngừng hoạt động,https://giayphep.abei.gov.vn/i/128151
Trang TTĐT Tổng Hợp,,BÁO ĐỒNG THÁP,56/GP-TTĐT,https://www.baodongthap.vn; www.haodongthap.com.vn,Đang hoạt động,https://giayphep.abei.gov.vn/i/128050
Trang TTĐT Tổng Hợp,,QUỸ CHỐNG HÀNG GIẢ,53/GPSĐBS-TTĐT,https://www.acf.org.vn; www.quychonghanggia.vn; www.quychonghanggia.com.vn,Ngừng hoạt động,https://giayphep.abei.gov.vn/i/131134
Trang TTĐT Tổng Hợp,,TRUNG TÂM QUAN TRẮC MÔI TRƯỜNG,52/GP-TTĐT,http://quantracmoitruong.gov.vn; http://cem.gov.vn,Đang hoạt động,https://giayphep.abei.gov.vn/i/128330
Trang TTĐT Tổng Hợp,,TẠP CHÍ NGHỆ THUẬT BIỂU DIỄN,54/GPSĐBS-TTĐT,https://www.nghethuatbieudien.com.vn,Ngừng hoạt động,https://giayphep.abei.gov.vn/i/127735
Trang TTĐT Tổng Hợp,,TRUNG TÂM THÔNG TIN VÀ DỰ BÁO KINH TẾ - XÃ HỘI QUỐC GIA,51/GPSĐBS-TTĐT,https://www.ncif.gov.vn,Ngừng hoạt động,https://giayphep.abei.gov.vn/i/131382
Trang TTĐT Tổng Hợp,,"CỤC PHÁT THANH, TRUYỀN HÌNH VÀ THÔNG TIN ĐIỆN TỬ",48/GP-BTTTT,https://www.abei.vn; www.abei.gov.vn,Đang hoạt động,https://giayphep.abei.gov.vn/i/128891
Trang TTĐT Tổng Hợp,,ĐÀI PHÁT THANH VÀ TRUYỀN HÌNH LONG AN,47/GP-TTĐT,https://www.truyenhinhlongan.com.vn; www.la34.com.vn,Đang hoạt động,https://giayphep.abei.gov.vn/i/128677
Trang TTĐT Tổng Hợp,,BÁO VĨNH PHÚC,42/GP-TTĐT,https://www.baovinhphuc.com.vn,Đang hoạt động,https://giayphep.abei.gov.vn/i/128892
Trang TTĐT Tổng Hợp,,TRUNG TÂM THÔNG TIN CÔNG NGHIỆP VÀ THƯƠNG MẠI,45/GPSĐBS-TTĐT,"http://vinanet.com.vn, http://vinanet.vn",Ngừng hoạt động,https://giayphep.abei.gov.vn/i/129173
Trang TTĐT Tổng Hợp,,TRUNG TÂM THÔNG TIN CÔNG NGHIỆP VÀ THƯƠNG MẠI,44/GPSĐBS-TTĐT,http://nhanhieuviet.gov.vn,Ngừng hoạt động,https://giayphep.abei.gov.vn/i/130067
Trang TTĐT Tổng Hợp,,TRUNG TÂM THÔNG TIN CÔNG NGHIỆP VÀ THƯƠNG MẠI,43/GPSĐBS-TTĐT,http://asemconnectvietnam.gov.vn,Ngừng hoạt động,https://giayphep.abei.gov.vn/i/130068
Trang TTĐT Tổng Hợp,,"HIỆP HỘI CÁC CƠ SỞ TIỂU THỦ CÔNG NGHIỆP, THƯƠNG MẠI DỊCH VỤ VIỆT NAM",40/GP-TTĐT,https://www.vicca.vn,Ngừng hoạt động,https://giayphep.abei.gov.vn/i/130812
Trang TTĐT Tổng Hợp,,HỘI LUẬT GIA VIỆT NAM,41/GP-TTĐT,https://www.hoiluatgiavn.org.vn,Ngừng hoạt động,https://giayphep.abei.gov.vn/i/129876
Trang TTĐT Tổng Hợp,,SỞ THÔNG TIN VÀ TRUYỀN THÔNG KHÁNH HÒA,39/GP-TTĐT,http://stttt.khanhhoa.gov.vn; http://ict-khanhhoa.vn,Đang hoạt động,https://giayphep.abei.gov.vn/i/128680
Trang TTĐT Tổng Hợp,,CỤC AN TOÀN THÔNG TIN,38/GP-BTTTT,https://www.ais.gov.vn,Đang hoạt động,https://giayphep.abei.gov.vn/i/128991
Trang TTĐT Tổng Hợp,,VĂN PHÒNG THƯỜNG TRỰC BAN CHỈ ĐẠO 389 QUỐC GIA,34/GP-TTĐT,https://www.bcd389.gov.vn,Ngừng hoạt động,https://giayphep.abei.gov.vn/i/131398
Trang TTĐT Tổng Hợp,,TẠP CHÍ NGHỆ THUẬT BIỂU DIỄN,33/GP-TTĐT,https://www.tapchinghethuatbieudien.vn,Ngừng hoạt động,https://giayphep.abei.gov.vn/i/130863
Trang TTĐT Tổng Hợp,,CỤC VIỆC LÀM,32/GP-TTĐT,https://www.vieclamvietnam.gov.vn; www.vieclamvietnam.vn; www.vieclamvietnam.com.vn,Đang hoạt động,https://giayphep.abei.gov.vn/i/128869
Trang TTĐT Tổng Hợp,,SỞ THÔNG TIN VÀ TRUYỀN THÔNG BẠC LIÊU,31/GP-TTĐT,https://www.baclieu.gov.vn,Ngừng hoạt động,https://giayphep.abei.gov.vn/i/129199
Trang TTĐT Tổng Hợp,,BÁO ĐỜI SỐNG VÀ TIÊU DÙNG,29/GP-TTĐT,https://www.doisongtieudung.vn; www.dantin.vn,Đang hoạt động,https://giayphep.abei.gov.vn/i/131402
Trang TTĐT Tổng Hợp,,TRUNG TÂM DOANH NGHIỆP HỘI NHẬP VÀ PHÁT TRIỂN,28/GP-TTĐT,https://www.vntime.vn,Đang hoạt động,https://giayphep.abei.gov.vn/i/130600
Trang TTĐT Tổng Hợp,,SỞ THÔNG TIN VÀ TRUYỀN THÔNG QUẢNG NINH,25/GPSĐBS-TTĐT,"https://www.quangning.gov.vn, www.halong.gov.vn",Ngừng hoạt động,https://giayphep.abei.gov.vn/i/129796
Trang TTĐT Tổng Hợp,,VỤ ĐÀO TẠO,26/GP-TTĐT,http://www.daotao-vhttdl.vn,Ngừng hoạt động,https://giayphep.abei.gov.vn/i/128557
Trang TTĐT Tổng Hợp,,VIỆN KHOA HỌC THANH TRA,24/GP-TTĐT,http://giri.ac.vn; http://vienkhoahocthanhtra.gov.vn,Ngừng hoạt động,https://giayphep.abei.gov.vn/i/128888
Trang TTĐT Tổng Hợp,,SỞ THÔNG TIN VÀ TRUYỀN THÔNG VĨNH PHÚC,23/GP-TTĐT,http://www.sotttt.vinhphuc.gov.vn,Ngừng hoạt động,https://giayphep.abei.gov.vn/i/130406
Trang TTĐT Tổng Hợp,,TẠP CHÍ MẸ VÀ BÉ,22/GP-TTĐT,https://www.mevabe.vn,Đang hoạt động,https://giayphep.abei.gov.vn/i/128090
Trang TTĐT Tổng Hợp,,TẠP CHÍ QUÊ HƯƠNG,21/GP-TTĐT,https://www.quehuongonline.vn,Ngừng hoạt động,https://giayphep.abei.gov.vn/i/130312
Trang TTĐT Tổng Hợp,,SỞ THÔNG TIN VÀ TRUYỀN THÔNG ĐIỆN BIÊN,29/GP-TTĐT,https://www.dic.gov.vn,Đang hoạt động,https://giayphep.abei.gov.vn/i/130272
Trang TTĐT Tổng Hợp,,QUỸ CHỐNG HÀNG GIẢ,19/GP-TTĐT,https://www.chonghanggiavn.net.vn,Ngừng hoạt động,https://giayphep.abei.gov.vn/i/130259
Trang TTĐT Tổng Hợp,,TRUNG TÂM THÔNG TIN - BỘ THÔNG TIN VÀ TRUYỀN THÔNG,18/GP-TTĐT,http://mic.gov.vn,Đang hoạt động,https://giayphep.abei.gov.vn/i/130013
Trang TTĐT Tổng Hợp,,KHO BẠC NHÀ NƯỚC,15/GP-TTĐT,"https://vst.mof.gov.vn, kbnn.botaichinh.gov.vn",Ngừng hoạt động,https://giayphep.abei.gov.vn/i/130641
Trang TTĐT Tổng Hợp,,TẠP CHÍ QUÊ HƯƠNG,14/GP-TTĐT,https://www.traihevietnam.vn; www.vietnamsummercamp.vn,Ngừng hoạt động,https://giayphep.abei.gov.vn/i/129996
Trang TTĐT Tổng Hợp,,TẠP CHÍ KIỂM SÁT,12/GP-TTĐT,https://www.kiemsat.vn,Ngừng hoạt động,https://giayphep.abei.gov.vn/i/128122
Trang TTĐT Tổng Hợp,,VIỆN CHIẾN LƯỢC NGÂN HÀNG,07/GP-TTĐT,http://bsi.org.vn; http://bist.org.vn; http://khoahocnganhang.org.vn,Đang hoạt động,https://giayphep.abei.gov.vn/i/131131
Trang TTĐT Tổng Hợp,,BÁO TIN TỨC,06/GP-TTĐT,https://www.baotintuc.vn,Đang hoạt động,https://giayphep.abei.gov.vn/i/128811
Trang TTĐT Tổng Hợp,,VIỆN KHOA HỌC NGHIÊN CỨU NHÂN TÀI NHÂN LỰC,04/GP-TTĐT,https://www.nhantainhanluc.com; www.nhantainhanluc.com.vn,Đang hoạt động,https://giayphep.abei.gov.vn/i/128008
Trang TTĐT Tổng Hợp,,BÁO BÀ RỊA - VŨNG TÀU,03/GP-TTĐT,https://www.baobariavungtau.com.vn,Ngừng hoạt động,https://giayphep.abei.gov.vn/i/128961
Trang TTĐT Tổng Hợp,,SỞ THÔNG TIN VÀ TRUYỀN THÔNG BẮC KẠN,02/GP-TTĐT,http://www.ict-backan.gov.vn,Ngừng hoạt động,https://giayphep.abei.gov.vn/i/129791
Trang TTĐT Tổng Hợp,,TẠP CHÍ DOANH NGHIỆP VÀ HỘI NHẬP,181/GP-TTĐT,https://www.doanhnghiepnet.com.vn,Ngừng hoạt động,https://giayphep.abei.gov.vn/i/128120
Trang TTĐT Tổng Hợp,,TẠP CHÍ VIỆT NAM LOGISTICS REVIEW,179/GP-TTĐT,https://www.vlr.vn,Đang hoạt động,https://giayphep.abei.gov.vn/i/129934
Trang TTĐT Tổng Hợp,,TẠP CHÍ KHOA HỌC VÀ KỸ THUẬT HẢI PHÒNG,180/GP-TTĐT,https://www.trithuccongluan.com.vn,Ngừng hoạt động,https://giayphep.abei.gov.vn/i/129981
Trang TTĐT Tổng Hợp,,VIỆN SỐT RÉT - KÝ SINH TRÙNG - CÔN TRÙNG TRUNG ƯƠNG,178/GP-TTĐT,http://nimpe.vn,Đang hoạt động,https://giayphep.abei.gov.vn/i/127737
Trang TTĐT Tổng Hợp,,LIÊN MINH HỢP TÁC XÃ VIỆT NAM,176/GP-TTĐT,https://www.vca.org.vn,Ngừng hoạt động,https://giayphep.abei.gov.vn/i/128825
Trang TTĐT Tổng Hợp,,BÁO DÂN TỘC VÀ PHÁT TRIỂN,177/GP-TTĐT,https://www.baodantoc.com.vn,Ngừng hoạt động,https://giayphep.abei.gov.vn/i/127744
Trang TTĐT Tổng Hợp,,BAN TÔN GIÁO CHÍNH PHỦ,174/GP-TTĐT,https://www.btgcp.gov.vn; www.religion.vn,Ngừng hoạt động,https://giayphep.abei.gov.vn/i/130070
Trang TTĐT Tổng Hợp,,SỞ THÔNG TIN VÀ TRUYỀN THÔNG VĨNH LONG,175/GP-TTĐT,http://www.stttt.vinhlong.gov.vn,Ngừng hoạt động,https://giayphep.abei.gov.vn/i/130360
Trang TTĐT Tổng Hợp,,TRUNG TÂM LƯU TRỮ QUỐC GIA I,173/GP-TTĐT,http://luutruquocgia1.org.vn; http://archives.org.vn,Đang hoạt động,https://giayphep.abei.gov.vn/i/127752
Trang TTĐT Tổng Hợp,,"TẠP CHÍ CẢNH SÁT PHÒNG, CHỐNG TỘI PHẠM",172/GP-TTĐT,https://www.tapchicanhsat.com.vn; www.phongchongmatuy.com.vn,Ngừng hoạt động,https://giayphep.abei.gov.vn/i/130351
Trang TTĐT Tổng Hợp,,CỤC VIỄN THÔNG,167/GP-TTĐT,https://www.vnta.gov.vn,Đang hoạt động,https://giayphep.abei.gov.vn/i/127743
Trang TTĐT Tổng Hợp,,"BỘ VĂN HÓA, THỂ THAO VÀ DU LỊCH",158/GP-TTĐT,https://www.bvhttdl.gov.vn; www.moest.gov.vn,Ngừng hoạt động,https://giayphep.abei.gov.vn/i/128640
Trang TTĐT Tổng Hợp,,"BỘ VĂN HÓA, THỂ THAO VÀ DU LỊCH",158/GP-TTĐT,https://www.bvhttdl.gov.vn; www.most.gov.vn,Ngừng hoạt động,https://giayphep.abei.gov.vn/i/130345
Trang TTĐT Tổng Hợp,,SỞ THÔNG TIN VÀ TRUYỀN THÔNG PHÚ THỌ,159/GP-TTĐT,http://stttt.phutho.gov.vn,Ngừng hoạt động,https://giayphep.abei.gov.vn/i/128812
Trang TTĐT Tổng Hợp,,TRƯỜNG CÁN BỘ DÂN TỘC,157/GP-TTĐT,http://truongcbdt.edu.vn,Đang hoạt động,https://giayphep.abei.gov.vn/i/128790
Trang TTĐT Tổng Hợp,,TẠP CHÍ THỜI TRANG TRẺ,155/GP-TTĐT,https://www.tapchithoitrangtre.vn; www.tapchithoitrangtre.com.vn,Đang hoạt động,https://giayphep.abei.gov.vn/i/130281
Trang TTĐT Tổng Hợp,,ĐÀI PHÁT THANH VÀ TRUYỀN HÌNH HÒA BÌNH,154/GP-TTĐT,https://www.hoabinhtv.vn,Ngừng hoạt động,https://giayphep.abei.gov.vn/i/128770
Trang TTĐT Tổng Hợp,,TRUNG TÂM THÔNG TIN DU LỊCH TỈNH LÀO CAI,152/GPSĐSB-TTĐT,https://www.sapatourism.gov.vn,Ngừng hoạt động,https://giayphep.abei.gov.vn/i/130942
Trang TTĐT Tổng Hợp,,TỔNG CỤC MÔI TRƯỜNG,153/GP-TTĐT,https://www.vea.gov.vn,Đang hoạt động,https://giayphep.abei.gov.vn/i/129467
Trang TTĐT Tổng Hợp,,TRUNG TÂM PHÁT TRIỂN THƯƠNG MẠI ĐIỆN TỬ,147/GP-TTĐT,https://www.vietnamexport.com,Ngừng hoạt động,https://giayphep.abei.gov.vn/i/128339
Trang TTĐT Tổng Hợp,,BAN TRUYỀN HÌNH TIẾNG DÂN TỘC,148/GP-TTĐT,https://www.vtv5.net.vn,Đang hoạt động,https://giayphep.abei.gov.vn/i/128806
Trang TTĐT Tổng Hợp,,CỤC BÁO CHÍ,143/GP-TTĐT,https://www.toancanhbaochi.vn,Ngừng hoạt động,https://giayphep.abei.gov.vn/i/128749
Trang TTĐT Tổng Hợp,,BÁO SINH VIÊN VIỆT NAM,144/GP-TTĐT,http://camnangteen.vn,Đang hoạt động,https://giayphep.abei.gov.vn/i/128053
Trang TTĐT Tổng Hợp,,TẠP CHÍ RỪNG VÀ MÔI TRƯỜNG,142/GPSĐBS-TTĐT,https://www.moitruongvadoisong.vn; www.baovemoitruong.org.vn,Ngừng hoạt động,https://giayphep.abei.gov.vn/i/127872
Trang TTĐT Tổng Hợp,,BÁO ĐẮK NÔNG,141/GP-TTĐT,https://www.baodaknong.org.vn; www.baodaknong.vn,Ngừng hoạt động,https://giayphep.abei.gov.vn/i/128805
Trang TTĐT Tổng Hợp,,ĐÀI PHÁT THANH VÀ TRUYỀN HÌNH KIÊN GIANG,139/GP-TTĐT,https://www.kgtv.vn; www.kgtv.com.vn,Đang hoạt động,https://giayphep.abei.gov.vn/i/128796
Trang TTĐT Tổng Hợp,,TRUNG TÂM KHÍ TƯỢNG THỦY VĂN QUỐC GIA,137/GP-TTĐT,https://www.kttvqg.gov.vn; www.nchmf.gov.vn,Ngừng hoạt động,https://giayphep.abei.gov.vn/i/130263
Trang TTĐT Tổng Hợp,,SỞ THÔNG TIN VÀ TRUYỀN THÔNG NINH BÌNH,135/GP-TTĐT,https://www.ttttninhbinh.gov.vn,Ngừng hoạt động,https://giayphep.abei.gov.vn/i/128779
Trang TTĐT Tổng Hợp,,CỤC THÔNG TIN ĐỐI NGOẠI,136/GP-TTĐT,https://asean.vietnam.vn; aseanvietnam.vn; vietnamasean.vn,Ngừng hoạt động,https://giayphep.abei.gov.vn/i/130511
Trang TTĐT Tổng Hợp,,BÁO VĨNH LONG,138/GP-TTĐT,"https://www.baovinhlong.vn, www.baovinhlong.com.vn",Đang hoạt động,https://giayphep.abei.gov.vn/i/128808
Trang TTĐT Tổng Hợp,,"TRUNG TÂM TƯ VẤN, HỖ TRỢ DOANH NGHIỆP VÀ PHÁT TRIỂN THƯƠNG HIỆU",131/GP-TTĐT,https://www.hanghoavacongluan.com.vn,Đang hoạt động,https://giayphep.abei.gov.vn/i/129956
Trang TTĐT Tổng Hợp,,CÔNG ĐOÀN BƯU CHÍNH VIỄN THÔNG VIỆT NAM,133/GP-TTĐT,https://www.congdoan.vnpt.vn,Đang hoạt động,https://giayphep.abei.gov.vn/i/128742
Trang TTĐT Tổng Hợp,,BAN BIÊN TẬP TIN KINH TẾ,132/GPSĐBS-TTĐT,https://www.bnews.vn,Ngừng hoạt động,https://giayphep.abei.gov.vn/i/130819
Trang TTĐT Tổng Hợp,,BÁO CẦN THƠ,129/GP-TTĐT,https://www.baocantho.com.vn,Ngừng hoạt động,https://giayphep.abei.gov.vn/i/129647
Trang TTĐT Tổng Hợp,,TRUNG TÂM PHÁT THANH - TRUYỀN HÌNH QUÂN ĐỘI,121/GP-TTĐT,https://www.qpvn.vn,Đang hoạt động,https://giayphep.abei.gov.vn/i/128774
Trang TTĐT Tổng Hợp,,BÁO QUÂN KHU 2,113/GP-TTĐT,https://www.quankhu2.vn; www.quankhu2.com.vn; www.qk2.com.vn; www.qk2.vn,Đang hoạt động,https://giayphep.abei.gov.vn/i/128359
Trang TTĐT Tổng Hợp,,BÁO ĐÀ NẴNG,114/GP-TTĐT,https://www.baodanang.vn,Ngừng hoạt động,https://giayphep.abei.gov.vn/i/131038
Trang TTĐT Tổng Hợp,,CỤC TẦN SỐ VÔ TUYẾN ĐIỆN,113/GPSĐBS-TTĐT,https://www.rfd.gov.vn; www.arfm.gov.vn; www.cuctanso.vn.,Ngừng hoạt động,https://giayphep.abei.gov.vn/i/130134
Trang TTĐT Tổng Hợp,,BÁO HẢI DƯƠNG,105/GP-TTĐT,https://www.baohaiduong.vn; www.haiduongnews.com,Đang hoạt động,https://giayphep.abei.gov.vn/i/129203
Trang TTĐT Tổng Hợp,,ĐÀI PHÁT THANH VÀ TRUYỀN HÌNH HẬU GIANG,106/GP-TTĐT,https://www.haugiangtivi.vn,Đang hoạt động,https://giayphep.abei.gov.vn/i/128916
Trang TTĐT Tổng Hợp,,SỞ THÔNG TIN VÀ TRUYỀN THÔNG LÀO CAI,102/GPSĐBS-TTĐT,https://www.doingoailaocai.vn,Ngừng hoạt động,https://giayphep.abei.gov.vn/i/129330
Trang TTĐT Tổng Hợp,,HỘI CHĂN NUÔI VIỆT NAM,101/GP-TTĐT,https://www.hoichannuoi.vn,Đang hoạt động,https://giayphep.abei.gov.vn/i/131224
Trang TTĐT Tổng Hợp,,TRUNG TÂM TƯ VẤN VÀ CUNG ỨNG DỊCH VỤ,100/GP-TTĐT,https://www.cpcs.vn,Ngừng hoạt động,https://giayphep.abei.gov.vn/i/127732
Trang TTĐT Tổng Hợp,,TẠP CHÍ ĐIỆN VÀ ĐỜI SỐNG,96/GP-TTĐT,https://www.dienvadoisong.com,Ngừng hoạt động,https://giayphep.abei.gov.vn/i/129945
Trang TTĐT Tổng Hợp,,VIỆN VĂN HÓA NGHỆ THUẬT QUỐC GIA VIỆT NAM,91/GP-TTĐT,https://www.vicas.org.vn,Ngừng hoạt động,https://giayphep.abei.gov.vn/i/129084
Trang TTĐT Tổng Hợp,,TRUNG TÂM THÔNG TIN CÔNG NGHIỆP VÀ THƯƠNG MẠI,93/GP-TTĐT,https://www.giacavattu.com.vn; www.giahanghoa.com.vn,Đang hoạt động,https://giayphep.abei.gov.vn/i/129665
Trang TTĐT Tổng Hợp,,BÁO THƯƠNG HIỆU VÀ CÔNG LUẬN,90/GPSĐBS-TTĐT,https://www.thcl.com.vn,Ngừng hoạt động,https://giayphep.abei.gov.vn/i/128097
Trang TTĐT Tổng Hợp,,"CỤC CÔNG TÁC PHÍA NAM, BỘ VĂN HÓA, THỂ THAO VÀ DU LỊCH",86/GP-TTĐT,https://www.vhttdlkv3.gov.vn,Ngừng hoạt động,https://giayphep.abei.gov.vn/i/128167
Trang TTĐT Tổng Hợp,,TRUNG TÂM THÔNG TIN DU LỊCH,85/GP-TTĐT,https://www.vietnamtourism.com,Ngừng hoạt động,https://giayphep.abei.gov.vn/i/129667
Trang TTĐT Tổng Hợp,,TẠP CHÍ DÂN VẬN,82/GP-TTĐT,https://www.danvan.vn,Ngừng hoạt động,https://giayphep.abei.gov.vn/i/130520
Trang TTĐT Tổng Hợp,,TRUNG TÂM THÔNG TIN DU LỊCH,80/GP-TTĐT,https://www.moitruongdulich.vn,Ngừng hoạt động,https://giayphep.abei.gov.vn/i/128784
Trang TTĐT Tổng Hợp,,TẠP CHÍ THỦY SẢN VIỆT NAM,79/GP-TTĐT,https://www.nguoichannuoi.vn; www.nguoichannuoi.com; www.nguoichannuoi.com.vn,Ngừng hoạt động,https://giayphep.abei.gov.vn/i/129677
Trang TTĐT Tổng Hợp,,"TRUNG TÂM ĐO KIỂM VÀ DỊCH VỤ PHÁT THANH, TRUYỀN HÌNH VÀ THÔNG TIN ĐIỆN TỬ",77/GP-TTĐT,https://www.cbei.gov.vn; www.truyenhinh.gov.vn,Ngừng hoạt động,https://giayphep.abei.gov.vn/i/127738
Trang TTĐT Tổng Hợp,,TẠP CHÍ GIÁO DỤC THỦ ĐÔ,76/GP-TTĐT,https://www.giaoducthudo.com.vn,Ngừng hoạt động,https://giayphep.abei.gov.vn/i/129704
Trang TTĐT Tổng Hợp,,TẠP CHÍ RỪNG VÀ MÔI TRƯỜNG,75/GP-TTĐT,https://www.moitruongvadoisong.vn; www.baovemoitruong.org.vn,Ngừng hoạt động,https://giayphep.abei.gov.vn/i/127758
Trang TTĐT Tổng Hợp,,BAN TRUYỀN HÌNH ĐỐI NGOẠI (VTV4),71/GP-TTĐT,https://www.vtv4.vn,Ngừng hoạt động,https://giayphep.abei.gov.vn/i/128834
Trang TTĐT Tổng Hợp,,BÁO CÔNG AN THÀNH PHỐ ĐÀ NẴNG,68/GP-TTĐT,https://www.cadn.com.vn,Ngừng hoạt động,https://giayphep.abei.gov.vn/i/127755
Trang TTĐT Tổng Hợp,,ĐÀI PHÁT THANH - TRUYỀN HÌNH HẢI DƯƠNG,69/GP-TTĐT,https://www.haiduongtv.vn; www.haiduongtv.com.vn; www.haiduongtv.com,Ngừng hoạt động,https://giayphep.abei.gov.vn/i/128833
Trang TTĐT Tổng Hợp,,CỤC THƯƠNG MẠI ĐIỆN TỬ VÀ CÔNG NGHỆ THÔNG TIN,66/GP-TTĐT,https://www.tuhaoviet.vn,Ngừng hoạt động,https://giayphep.abei.gov.vn/i/130362
Trang TTĐT Tổng Hợp,,TỔNG CỤC NĂNG LƯỢNG,67/GP-TTĐT,https://www.tcnl.gov.vn,Ngừng hoạt động,https://giayphep.abei.gov.vn/i/127979
Trang TTĐT Tổng Hợp,,BÁO VĂN NGHỆ THÁI NGUYÊN,60/GP-TTĐT,http://vannghethainguyen.vn,Ngừng hoạt động,https://giayphep.abei.gov.vn/i/130357
Trang TTĐT Tổng Hợp,,TRUNG TÂM THÔNG TIN CÔNG NGHIỆP VÀ THƯƠNG MẠI,55/GP-TTĐT,http://nhanhieuviet.gov.vn,Ngừng hoạt động,https://giayphep.abei.gov.vn/i/128039
Trang TTĐT Tổng Hợp,,TRUNG TÂM THÔNG TIN CÔNG NGHIỆP VÀ THƯƠNG MẠI,56/GP-TTĐT,http://asemconnectvietnam.gov.vn,Ngừng hoạt động,https://giayphep.abei.gov.vn/i/129778
Trang TTĐT Tổng Hợp,,TRUNG TÂM THÔNG TIN CÔNG NGHIỆP VÀ THƯƠNG MẠI,57/GP-TTĐT,"http://vinanet.com.vn, http://vinanet.vn",Ngừng hoạt động,https://giayphep.abei.gov.vn/i/129087
Trang TTĐT Tổng Hợp,,BÁO PHỤ NỮ VIỆT NAM,58/GP-TTĐT,http://phunuvietnam.vn,Ngừng hoạt động,https://giayphep.abei.gov.vn/i/128786
Trang TTĐT Tổng Hợp,,SỞ THÔNG TIN VÀ TRUYỀN THÔNG QUẢNG NINH,53/GP-TTĐT,"https://www.quangning.gov.vn, www.halong.gov.vn",Ngừng hoạt động,https://giayphep.abei.gov.vn/i/131299
Trang TTĐT Tổng Hợp,,TẠP CHÍ KINH TẾ - CÔNG NGHIỆP,49/GP-TTĐT,https://www.ktegdxh.net,Ngừng hoạt động,https://giayphep.abei.gov.vn/i/128926
Trang TTĐT Tổng Hợp,,SỞ THÔNG TIN VÀ TRUYỀN THÔNG HÒA BÌNH,48/GP-TTĐT,http://sothongtin.hoabinh.gov.vn,Ngừng hoạt động,https://giayphep.abei.gov.vn/i/130377
Trang TTĐT Tổng Hợp,,SỞ THÔNG TIN VÀ TRUYỀN THÔNG LAI CHÂU,47/GP-TTĐT,http://thongtinđoingoai.laichau.gov.vn,Ngừng hoạt động,https://giayphep.abei.gov.vn/i/128741
Trang TTĐT Tổng Hợp,,TRUNG TÂM THÔNG TIN DU LỊCH,44/GP-TTĐT,https://www.vietnamtourism.gov.vn,Ngừng hoạt động,https://giayphep.abei.gov.vn/i/130077
Trang TTĐT Tổng Hợp,,TRƯỜNG CÁN BỘ THANH TRA,46/GP-TTĐT,https://www.truongcanbothanhtra.gov.vn,Ngừng hoạt động,https://giayphep.abei.gov.vn/i/130118
Trang TTĐT Tổng Hợp,,BAN BIÊN TẬP TIN KINH TẾ,45/GP-TTĐT,https://www.eco.vnanet.vn,Ngừng hoạt động,https://giayphep.abei.gov.vn/i/130009
Trang TTĐT Tổng Hợp,,TẠP CHÍ CÔNG NGHIỆP & TIÊU DÙNG,38/GP-TTĐT,https://www.congnghieptieudung.vn,Ngừng hoạt động,https://giayphep.abei.gov.vn/i/130116
Trang TTĐT Tổng Hợp,,KÊNH VOV GIAO THÔNG QUỐC GIA,36/GP-TTĐT,https://www.fmcamxuc.vn,Ngừng hoạt động,https://giayphep.abei.gov.vn/i/128354
Trang TTĐT Tổng Hợp,,BÁO QUỐC PHÒNG THỦ ĐÔ,34/GP-TTĐT,"https://www.quocphongthudo.vn, www.quocphongthudo.com.vn, wwwqptd.com.vn, www.qptd.vn",Ngừng hoạt động,https://giayphep.abei.gov.vn/i/127691
Trang TTĐT Tổng Hợp,,KÊNH TRUYỀN HÌNH QUỐC HỘI VIỆT NAM,35/GP-TTĐT,https://www.quochoitv.vn,Ngừng hoạt động,https://giayphep.abei.gov.vn/i/129817
Trang TTĐT Tổng Hợp,,TẠP CHÍ NÔNG NGHIỆP VÀ PHÁT TRIỂN NÔNG THÔN,32/GP-TTĐT,https://www.tapchikhoahocnongnghiep.vn,Ngừng hoạt động,https://giayphep.abei.gov.vn/i/128795
Trang TTĐT Tổng Hợp,,SỞ THÔNG TIN VÀ TRUYỀN THÔNG QUẢNG BÌNH,31/GP-TTĐT,http://sttt.quangbinh.gov.vn,Ngừng hoạt động,https://giayphep.abei.gov.vn/i/128130
Trang TTĐT Tổng Hợp,,BÁO KHÁNH HÒA,30/GP-TTĐT,https://www.baokhanhhoa.com.vn,Ngừng hoạt động,https://giayphep.abei.gov.vn/i/130177
Trang TTĐT Tổng Hợp,,TẠP CHÍ CAO SU VIỆT NAM,28/GP-TTĐT,https://www.tapchicaosu.vn,Ngừng hoạt động,https://giayphep.abei.gov.vn/i/129803
Trang TTĐT Tổng Hợp,,ĐÀI PHÁT THANH - TRUYỀN HÌNH THÁI NGUYÊN,24/GP-TTĐT,https://www.thainguyentv.vn,Ngừng hoạt động,https://giayphep.abei.gov.vn/i/128787
Trang TTĐT Tổng Hợp,,ĐÀI PHÁT THANH - TRUYỀN HÌNH BẮC NINH,25/GP-TTĐT,https://www.bacninhtv.vn,Ngừng hoạt động,https://giayphep.abei.gov.vn/i/130352
Trang TTĐT Tổng Hợp,,ĐÀI PHÁT THANH - TRUYỀN HÌNH THỪA THIÊN HUẾ,23/GP-TTĐT,"https://www.trt.com.vn, www.trt.vn",Ngừng hoạt động,https://giayphep.abei.gov.vn/i/128818
Trang TTĐT Tổng Hợp,,BÁO PHÚ YÊN,22/GP-TTĐT,https://www.baophuyen.com.vn,Ngừng hoạt động,https://giayphep.abei.gov.vn/i/129910
Trang TTĐT Tổng Hợp,,TRUNG TÂM ĐIỆN ẢNH THỂ THAO VÀ DU LỊCH VIỆT NAM,21/GP-TTĐT,https://www.dienanhthethaodulich.vn,Ngừng hoạt động,https://giayphep.abei.gov.vn/i/127748
Trang TTĐT Tổng Hợp,,VĂN PHÒNG QUỐC HỘI,18/GP-TTĐT,https://www.quochoi.vn; www.na.gov.vn,Ngừng hoạt động,https://giayphep.abei.gov.vn/i/128000
Trang TTĐT Tổng Hợp,,SỞ THÔNG TIN VÀ TRUYỀN THÔNG LẠNG SƠN,20/GP-TTĐT,https://www.langson.gov.vn,Ngừng hoạt động,https://giayphep.abei.gov.vn/i/128168
Trang TTĐT Tổng Hợp,,CỤC TẦN SỐ VÔ TUYẾN ĐIỆN,17/GP-TTĐT,https://www.rfd.gov.vn; www.arfm.gov.vn; www.cuctanso.vn.,Ngừng hoạt động,https://giayphep.abei.gov.vn/i/130223
Trang TTĐT Tổng Hợp,,TẠP CHÍ CỔ VẬT TINH HOA,15/GPSĐBS-TTĐT,https://www.mangcovat.com.vn,Ngừng hoạt động,https://giayphep.abei.gov.vn/i/127952
Trang TTĐT Tổng Hợp,,CỤC THÔNG TIN ĐỐI NGOẠI,16/GP-TTĐT,https://www.vietnam.vn; www.thongtindoingoai.vn,Ngừng hoạt động,https://giayphep.abei.gov.vn/i/128868
Trang TTĐT Tổng Hợp,,TẠP CHÍ Ô TÔ XE MÁY VIỆT NAM,14/GP-TTĐT,https://www.otoxemay.vn,Ngừng hoạt động,https://giayphep.abei.gov.vn/i/130342
Trang TTĐT Tổng Hợp,,ĐÀI PHÁT THANH VÀ TRUYỀN HÌNH VĨNH LONG,12/GP-TTĐT,https://www.thvl.vn,Ngừng hoạt động,https://giayphep.abei.gov.vn/i/128021
Trang TTĐT Tổng Hợp,,HỆ PHÁT THANH DÂN TỘC,13/GP-TTĐT,https://www.vov4.vn,Ngừng hoạt động,https://giayphep.abei.gov.vn/i/130305
Trang TTĐT Tổng Hợp,,BÁO PHỤ NỮ VIỆT NAM,11/GP-TTĐT,https://www.pnvnnuocngoai.vn,Ngừng hoạt động,https://giayphep.abei.gov.vn/i/129202
Trang TTĐT Tổng Hợp,,BÁO THANH TRA,09/GP-TTĐT,https://www.thanhtra.com.vn,Ngừng hoạt động,https://giayphep.abei.gov.vn/i/129768
Trang TTĐT Tổng Hợp,,TRUNG TÂM BÁO CHÍ VÀ HỢP TÁC TRUYỀN THÔNG QUỐC TẾ,08/GP-TTĐT,https://www.vietbao.vn,Ngừng hoạt động,https://giayphep.abei.gov.vn/i/129703
Trang TTĐT Tổng Hợp,,TẠP CHÍ HÀN QUỐC,06/GPSĐBS-TTĐT,https://www.khoidong247.vn; www.khoidong247.com.vn; www.khoidong247.com; www.khoidong247.net,Ngừng hoạt động,https://giayphep.abei.gov.vn/i/131065
Trang TTĐT Tổng Hợp,,TRUNG TÂM CÔNG NGHỆ THÔNG TIN - TẬP ĐOÀN ĐIỆN LỰC VIỆT NAM,05/GP-TTĐT,https://www.icon.com.vn; www.evnnews.vn; www.tinnganhdien.vn,Ngừng hoạt động,https://giayphep.abei.gov.vn/i/129557
Trang TTĐT Tổng Hợp,,BÁO ĐIỆN TỬ ĐẢNG CỘNG SẢN VIỆT NAM,02/GP-TTĐT,https://www.hochiminh.vn,Ngừng hoạt động,https://giayphep.abei.gov.vn/i/127759
Trang TTĐT Tổng Hợp,,BÁO TUỔI TRẺ THỦ ĐÔ,147/GP-TTĐT,https://www.tuoitrethudo.vn,Ngừng hoạt động,https://giayphep.abei.gov.vn/i/128762
Trang TTĐT Tổng Hợp,,TẠP CHÍ THƯƠNG GIA VÀ THỊ TRƯỜNG,148/GP-TTĐT,https://www.thuonggiathitruong.vn,Ngừng hoạt động,https://giayphep.abei.gov.vn/i/131130
Trang TTĐT Tổng Hợp,,TẠP CHÍ Y HỌC QUÂN SỰ,146/GP-TTĐT,https://www.yhqs.vn,Ngừng hoạt động,https://giayphep.abei.gov.vn/i/128954
Trang TTĐT Tổng Hợp,,BÁO QUÂN KHU 5,144/GP-TTĐT,https://www.baoquankhu5.com.vn,Ngừng hoạt động,https://giayphep.abei.gov.vn/i/128758
Trang TTĐT Tổng Hợp,,TẠP CHÍ NGHIÊN CỨU LẬP PHÁP,145/GP-TTĐT,https://www.nclp.org.vn; www.nghiencuulapphap.vn; www.lapphap.com; www.nghiencuulapphap.com.vn; www.nghiencuulapphap.com; www.lapphap.com; www.lapphap.com.vn,Ngừng hoạt động,https://giayphep.abei.gov.vn/i/129521
Trang TTĐT Tổng Hợp,,THỜI BÁO LÀNG NGHỀ VIỆT,143/GP-TTĐT,https://www.langngheviet.com.vn,Ngừng hoạt động,https://giayphep.abei.gov.vn/i/128342
Trang TTĐT Tổng Hợp,,ĐÀI PHÁT THANH - TRUYỀN HÌNH TỈNH GIA LAI,142/GP-TTĐT,http://gialaitv.vn/,Ngừng hoạt động,https://giayphep.abei.gov.vn/i/128760
Trang TTĐT Tổng Hợp,,TẠP CHÍ TRI THỨC VÀ PHÁT TRIỂN,141/GP-TTĐT,https://www.trithucvaphattrien.vn,Ngừng hoạt động,https://giayphep.abei.gov.vn/i/130095
Trang TTĐT Tổng Hợp,,TẠP CHÍ CỔ VẬT TINH HOA,140/GP-TTĐT,https://www.mangcovat.com.vn,Ngừng hoạt động,https://giayphep.abei.gov.vn/i/127733
Trang TTĐT Tổng Hợp,,BAN KINH TẾ TRUNG ƯƠNG,139/GP-TTĐT,https://www.kinhte.gov.vn; www.bankinhtetrunguong.dcs.vn; www.kinhtetrunguong.vn,Ngừng hoạt động,https://giayphep.abei.gov.vn/i/130062
Trang TTĐT Tổng Hợp,,HIỆP HỘI CHẾ BIẾN VÀ XUẤT KHẨU THỦY SẢN VIỆT NAM,138/GP-TTĐT,https://www.vasep.com.vn,Ngừng hoạt động,https://giayphep.abei.gov.vn/i/128803
Trang TTĐT Tổng Hợp,,TRUNG TÂM THÔNG TIN VÀ DỰ BÁO KINH TẾ - XÃ HỘI QUỐC GIA,137/GP-TTĐT,https://www.ncseif.gov.vn; www.thongtindubao.gov.vn,Ngừng hoạt động,https://giayphep.abei.gov.vn/i/129740
Trang TTĐT Tổng Hợp,,BÁO CÀ MAU,136/GP-TTĐT,https://www.baocamau.vn; www.baocamau.com.vn,Ngừng hoạt động,https://giayphep.abei.gov.vn/i/127771
Trang TTĐT Tổng Hợp,,THƯ VIỆN TỈNH ĐIỆN BIÊN,135/GP-TTĐT,https://www.thuviendienbien.gov.vn,Ngừng hoạt động,https://giayphep.abei.gov.vn/i/129800
Trang TTĐT Tổng Hợp,,SỞ GIÁO DỤC VÀ ĐÀO TẠO TỈNH NINH THUẬN,134/GP-TTĐT,https://www.ninhthuan.edu.vn,Ngừng hoạt động,https://giayphep.abei.gov.vn/i/129974
Trang TTĐT Tổng Hợp,,BẢO HIỂM XÃ HỘI TỈNH ĐIỆN BIÊN,132/GP-TTĐT,https://www.bhxhdienbien.gov.vn,Ngừng hoạt động,https://giayphep.abei.gov.vn/i/127730
Trang TTĐT Tổng Hợp,,CHI CỤC BẢO VỆ THỰC VẬT LÀO CAI,133/GP-TTĐT,https://www.bvtvlaocai.vn,Ngừng hoạt động,https://giayphep.abei.gov.vn/i/128739
Trang TTĐT Tổng Hợp,,THƯ VIỆN TỈNH BÌNH THUẬN,131/GP-TTĐT,https://www.thuvienbinhthuan.com.vn,Ngừng hoạt động,https://giayphep.abei.gov.vn/i/128735
Trang TTĐT Tổng Hợp,,BÁO QUẢNG TRỊ,129/GP-TTĐT,https://www.baoquangtri.vn,Ngừng hoạt động,https://giayphep.abei.gov.vn/i/130537
Trang TTĐT Tổng Hợp,,BAN TUYÊN GIÁO TỈNH ỦY THÁI BÌNH,126/GP-TTĐT,https://www.tuyengiaothaibinh.vn,Ngừng hoạt động,https://giayphep.abei.gov.vn/i/128685
Trang TTĐT Tổng Hợp,,ỦY BAN NHÂN DÂN THỊ XÃ SÔNG CÔNG,124/GP-TTĐT,https://www.songcong.thainguyen.gov.vn,Ngừng hoạt động,https://giayphep.abei.gov.vn/i/127782
Trang TTĐT Tổng Hợp,,BÁO ẢNH VIỆT NAM,130/GP-TTĐT,https://www.dep.com.vn,Ngừng hoạt động,https://giayphep.abei.gov.vn/i/130267
Trang TTĐT Tổng Hợp,,VĂN PHÒNG ĐOÀN ĐẠI BIỂU QUỐC HỘI VÀ HỘI ĐỒNG NHÂN DÂN PHÚ YÊN,127/GP-TTĐT,https://www.qh-hdndphuyen.gov.vn,Ngừng hoạt động,https://giayphep.abei.gov.vn/i/127741
Trang TTĐT Tổng Hợp,,ĐÀI PHÁT THANH VÀ TRUYỀN HÌNH QUẢNG NINH,128/GP-TTĐT,https://www.qtv.vn; www.qtv.com.vn; www.quangninhtv.vn; www.quangninhtv.com.vn,Ngừng hoạt động,https://giayphep.abei.gov.vn/i/127685
Trang TTĐT Tổng Hợp,,TRUNG TÂM XÚC TIẾN THƯƠNG MẠI TỈNH QUẢNG NINH,125/GP-TTĐT,https://www.qnitrade.gov.vn,Ngừng hoạt động,https://giayphep.abei.gov.vn/i/129017
Trang TTĐT Tổng Hợp,,TRUNG TÂM THÔNG TIN XÚC TIẾN THƯƠNG MẠI TỈNH VĨNH PHÚC,123/GP-TTĐT,https://www.vinhphucit.gov.vn,Ngừng hoạt động,https://giayphep.abei.gov.vn/i/130822
Trang TTĐT Tổng Hợp,,TẠP CHÍ Y HỌC THỰC HÀNH,122/GP-TTĐT,https://www.yhth.vn; www.yhocthuchanh.vn,Ngừng hoạt động,https://giayphep.abei.gov.vn/i/128363
Trang TTĐT Tổng Hợp,,"BÁO PHÁT THANH, TRUYỀN HÌNH VÀ THÔNG TIN ĐIỆN TỬ",119/GP-TTĐT,https://www.biendoikhikhau.gov.vn.,Ngừng hoạt động,https://giayphep.abei.gov.vn/i/129259
Trang TTĐT Tổng Hợp,,SỞ THÔNG TIN VÀ TRUYỀN THÔNG THỪA THIÊN HUẾ,120/GP-TTĐT,https://www.stttt.thuathienhue.gov.vn,Ngừng hoạt động,https://giayphep.abei.gov.vn/i/127937
Trang TTĐT Tổng Hợp,,CÔNG TY CỔ PHẦN TRUYỀN THÔNG VINH,115/GP-TTĐT,https://www.vinh.vn,Ngừng hoạt động,https://giayphep.abei.gov.vn/i/130030
Trang TTĐT Tổng Hợp,,TRUNG TÂM HỖ TRỢ THANH NIÊN CÔNG NHÂN BÌNH PHƯỚC,121/GP-TTĐT,https://www.thanhniencongnhanbinhphuoc.com.vn,Ngừng hoạt động,https://giayphep.abei.gov.vn/i/127938
Trang TTĐT Tổng Hợp,,SỞ THÔNG TIN VÀ TRUYỀN THÔNG TỈNH ĐỒNG THÁP,118/GP-TTĐT,https://www.bannhanong.vn,Ngừng hoạt động,https://giayphep.abei.gov.vn/i/128346
Trang TTĐT Tổng Hợp,,CÔNG AN TỈNH LONG AN,116/GP-TTĐT,https://www.conganlongan.gov.vn,Ngừng hoạt động,https://giayphep.abei.gov.vn/i/129565
Trang TTĐT Tổng Hợp,,SỞ NÔNG NGHIỆP VÀ PHÁT TRIỂN NÔNG THÔN PHÚ THỌ,117/GP-TTĐT,https://www.snnphutho.vn,Ngừng hoạt động,https://giayphep.abei.gov.vn/i/130098
Trang TTĐT Tổng Hợp,,SỞ KẾ HOẠCH VÀ ĐẦU TƯ TỈNH ĐIỆN BIÊN,114/GP-BTTTT,https://www.dienbien.dpi.gov.vn,Ngừng hoạt động,https://giayphep.abei.gov.vn/i/127997
Trang TTĐT Tổng Hợp,,TRUNG TÂM VĂN HÓA THÀNH PHỐ ĐÀ NẴNG,112/GP-TTĐT,https://www.tvhdanang.gov.vn,Ngừng hoạt động,https://giayphep.abei.gov.vn/i/128336
Trang TTĐT Tổng Hợp,,BAN QUẢN LÝ KHU DU LỊCH MỘC CHÂU,113/GP-TTĐT,https://www.dulichmocchau.com; www.mocchautourism.com,Ngừng hoạt động,https://giayphep.abei.gov.vn/i/128754
Trang TTĐT Tổng Hợp,,SỞ THÔNG TIN VÀ TRUYỀN THÔNG KON TUM,111/GP-TTĐT,https://www.komtum.gov.vn,Ngừng hoạt động,https://giayphep.abei.gov.vn/i/127729
Trang TTĐT Tổng Hợp,,HỘI CHỮ THẬP ĐỎ TỈNH YÊN BÁI,105/GP-TTĐT,https://www.chuthapdoyenbai.org.vn,Ngừng hoạt động,https://giayphep.abei.gov.vn/i/128707
Trang TTĐT Tổng Hợp,,ỦY BAN NHÂN DÂN HUYỆN TAM ĐẢO,109/GP-TTĐT,https://www.tamdao.vinhphuc.gov.vn,Ngừng hoạt động,https://giayphep.abei.gov.vn/i/128973
Trang TTĐT Tổng Hợp,,ĐẢNG ỦY KHỐI DOANH NGHIỆP THÀNH PHỐ CẦN THƠ,107/GP-TTĐT,https://www.doanhnghiepcantho.com.vn,Ngừng hoạt động,https://giayphep.abei.gov.vn/i/127885
Trang TTĐT Tổng Hợp,,"TRUNG TÂM THÔNG TIN, HỢP TÁC QUỐC TẾ VÀ TƯ VẤN PHÁT TRIỂN ĐÔ THỊ",106/GP-TTĐT,"https://www.phattriendothi.com.vn, www.phattriendothi.vn, www.uda.com.vn",Ngừng hoạt động,https://giayphep.abei.gov.vn/i/131282
Trang TTĐT Tổng Hợp,,SỞ TƯ PHÁP TỈNH ĐẮK NÔNG,110/GP-TTĐT,https://www.stp.daknong.gov,Ngừng hoạt động,https://giayphep.abei.gov.vn/i/127779
Trang TTĐT Tổng Hợp,,TRUNG TÂM CÔNG NGHỆ THÔNG TIN THỪA THIÊN HUẾ,108/GP-TTĐT,https://www.khamphahue.com.vn,Ngừng hoạt động,https://giayphep.abei.gov.vn/i/130809
Trang TTĐT Tổng Hợp,,"BAN ĐIỀU PHỐI DỰ ÁN HỖ TRỢ NÔNG NGHIỆP, NÔNG DÂN VÀ NÔNG THÔN TỈNH GIA LAI",104/GP-TTĐT,https://www.tnsp.gialai.org.vn,Ngừng hoạt động,https://giayphep.abei.gov.vn/i/128439
Trang TTĐT Tổng Hợp,,SỞ NGOẠI VỤ TỈNH ĐẮK NÔNG,99/GP-TTĐT,https://www.sngv.daknong.gov.vn,Ngừng hoạt động,https://giayphep.abei.gov.vn/i/128849
Trang TTĐT Tổng Hợp,,HỘI LIÊN HIỆP PHỤ NỮ TỈNH GIA LAI,102/GP-TTĐT,https://www.hoilhpn.gialai.org.vn,Ngừng hoạt động,https://giayphep.abei.gov.vn/i/128709
Trang TTĐT Tổng Hợp,,SỞ NÔNG NGHIỆP VÀ PHÁT TRIỂN NÔNG THÔN ĐẮK NÔNG,103/GP-TTĐT,https://www.snnptnt.daknong.gov.vn,Ngừng hoạt động,https://giayphep.abei.gov.vn/i/129324
Trang TTĐT Tổng Hợp,,"TẠP CHÍ DOANH NGHIỆP, DOANH NHÂN VÀ THƯƠNG HIỆU",101/GP-TTĐT,https://www.triviet24h.vn,Ngừng hoạt động,https://giayphep.abei.gov.vn/i/128725
Trang TTĐT Tổng Hợp,,TRUNG TÂM THÔNG TIN HỢP TÁC XÃ VIỆT NAM,98/GP-TTĐT,https://www.vicocen.vn,Ngừng hoạt động,https://giayphep.abei.gov.vn/i/128909
Trang TTĐT Tổng Hợp,,ỦY BAN NHÂN DÂN HUYỆN VẠN NINH,100/GP-TTĐT,https://www.vanninh.khanhhoa.gov.vn,Ngừng hoạt động,https://giayphep.abei.gov.vn/i/129198
Trang TTĐT Tổng Hợp,,BẢO TÀNG TỈNH ĐẮK LẮK,96/GP-TTĐT,https://www.daklakmuseum.org.vn,Ngừng hoạt động,https://giayphep.abei.gov.vn/i/128948
Trang TTĐT Tổng Hợp,,TẠP CHÍ THẾ GIỚI MỚI,97/GP-TTĐT,"https://www.thegioimoi.vn, www.newworldtimes.vn",Ngừng hoạt động,https://giayphep.abei.gov.vn/i/127814
Trang TTĐT Tổng Hợp,,CÔNG TY TNHH MTV THÔNG TIN ĐIỆN TỬ HÀNG HẢI VIỆT NAM,95/GP-TTĐT,https://www.vishipel.com.vn,Ngừng hoạt động,https://giayphep.abei.gov.vn/i/130583
Trang TTĐT Tổng Hợp,,SỞ TÀI CHÍNH TỈNH KHÁNH HÒA,94/GP-TTĐT,https://www.stc.khanhhoa.gov.vn,Ngừng hoạt động,https://giayphep.abei.gov.vn/i/130437
Trang TTĐT Tổng Hợp,,TẠP CHÍ THƯƠNG GIA,93/GP-TTĐT,https://www.baothuonggia.vn,Ngừng hoạt động,https://giayphep.abei.gov.vn/i/128718
Trang TTĐT Tổng Hợp,,CÔNG TY CỔ PHẦN VTC TRUYỀN THÔNG TRỰC TUYẾN,92/GP-TTĐT,https://www.endgame.vn,Ngừng hoạt động,https://giayphep.abei.gov.vn/i/130328
Trang TTĐT Tổng Hợp,,"TRUNG TÂM PHÒNG, CHỐNG HIV/AIDS TỈNH YÊN BÁI",91/GP-TTĐT,https://www.hivyenbai.com.vn.,Ngừng hoạt động,https://giayphep.abei.gov.vn/i/130374
Trang TTĐT Tổng Hợp,,SỞ TÀI CHÍNH TỈNH LAI CHÂU,89/GP-TTĐT,https://www.sotaichinh.laichau.gov.vn,Ngừng hoạt động,https://giayphep.abei.gov.vn/i/127812
Trang TTĐT Tổng Hợp,,CÔNG TY CỔ PHẦN THAN HÀ LÂM - VINACOMIN,88/GP-TTĐT,https://www.halamcoal.com.vn,Ngừng hoạt động,https://giayphep.abei.gov.vn/i/130323
Trang TTĐT Tổng Hợp,,TẠP CHÍ VẬN TẢI Ô TÔ,87/GP-TTĐT,https://www.dailo.vn,Ngừng hoạt động,https://giayphep.abei.gov.vn/i/128177
Trang TTĐT Tổng Hợp,,BÁO THƯƠNG HIỆU VÀ CÔNG LUẬN,86/GP-TTĐT,https://www.thuonghieucongluan.com.vn,Ngừng hoạt động,https://giayphep.abei.gov.vn/i/131236
Trang TTĐT Tổng Hợp,,ĐÀI PHÁT THANH - TRUYỀN HÌNH KON TUM,84/GP-TTĐT,https://www.kontumtv.vn,Ngừng hoạt động,https://giayphep.abei.gov.vn/i/127746
Trang TTĐT Tổng Hợp,,TRUNG TÂM THÔNG TIN DU LỊCH TỈNH LÀO CAI,82/GP-TTĐT,https://www.sapatourism.gov.vn,Ngừng hoạt động,https://giayphep.abei.gov.vn/i/129639
Trang TTĐT Tổng Hợp,,TRƯỜNG CHÍNH TRỊ TỈNH VĨNH PHÚC,83/GP-TTĐT,https://www.truongchinhtri-vp.gov.vn,Ngừng hoạt động,https://giayphep.abei.gov.vn/i/129531
Trang TTĐT Tổng Hợp,,TRUNG TÂM DỊCH VỤ BƯU CHÍNH VIỄN THÔNG ĐA PHƯƠNG TIỆN HUẾ,85/GP-TTĐT,https://www.netcodo.com.vn,Ngừng hoạt động,https://giayphep.abei.gov.vn/i/128734
Trang TTĐT Tổng Hợp,,SỞ NÔNG NGHIỆP VÀ PHÁT TRIỂN NÔNG THÔN TỈNH NGHỆ AN,80/GP-TTĐT,https://www.sonnptnt.nghean.vn,Ngừng hoạt động,https://giayphep.abei.gov.vn/i/128370
Trang TTĐT Tổng Hợp,,HIỆP HỘI THƯƠNG MẠI ĐIỆN TỬ VIỆT NAM,81/GP-TTĐT,https://www.vecom.vn,Ngừng hoạt động,https://giayphep.abei.gov.vn/i/128701
Trang TTĐT Tổng Hợp,,CÔNG TY TNHH TỔ CHỨC SỰ KIỆN - DU LỊCH NAM MEKONG,78/GP-TTĐT,https://www.nammekong.vn,Ngừng hoạt động,https://giayphep.abei.gov.vn/i/128078
Trang TTĐT Tổng Hợp,,ĐÀI PHÁT THANH - TRUYỀN HÌNH BẮC GIANG,79/GP-TTĐT,https://www.bacgiangtv.vn,Ngừng hoạt động,https://giayphep.abei.gov.vn/i/128631
Trang TTĐT Tổng Hợp,,BẢO HIỂM XÃ HỘI BỘ QUỐC PHÒNG,77/GP-TTĐT,https://www.bhxhbqp.vn,Ngừng hoạt động,https://giayphep.abei.gov.vn/i/130311
Trang TTĐT Tổng Hợp,,ỦY BAN NHÂN DÂN THÀNH PHỐ VĨNH YÊN,76/GP-TTĐT,https://www.vinhyen.vinhphuc.gov.vn,Ngừng hoạt động,https://giayphep.abei.gov.vn/i/127764
Trang TTĐT Tổng Hợp,,TẠP CHÍ ĐƯỜNG BỘ VIỆT NAM,72/GP-TTĐT,https://www.duongbo.vn,Ngừng hoạt động,https://giayphep.abei.gov.vn/i/128706
Trang TTĐT Tổng Hợp,,CÔNG TY TNHH CÔNG NGHỆ TRỰC TUYẾN NGUYÊN GIA,73/GP-TTĐT,https://www.muabandiaoc.vn,Ngừng hoạt động,https://giayphep.abei.gov.vn/i/128176
Trang TTĐT Tổng Hợp,,SỞ KHOA HỌC VÀ CÔNG NGHỆ TỈNH NAM ĐỊNH,74/GP-TTĐT,https://www.skhcn.namdinh.gov.vn,Ngừng hoạt động,https://giayphep.abei.gov.vn/i/130304
Trang TTĐT Tổng Hợp,,TẠP CHÍ NGƯỜI TIÊU DÙNG,75/GP-TTĐT,https://www.nguoitieudung.com.vn,Ngừng hoạt động,https://giayphep.abei.gov.vn/i/130303
Trang TTĐT Tổng Hợp,,CÔNG ĐOÀN DẦU KHÍ VIỆT NAM,71/GP-TTĐT,https://www.congdoandaukhi.vn,Ngừng hoạt động,https://giayphep.abei.gov.vn/i/127810
Trang TTĐT Tổng Hợp,,SỞ THÔNG TIN VÀ TRUYỀN THÔNG ĐẮK NÔNG,90/GP-TTĐT,https://www.stttt.daknong.gov.vn,Ngừng hoạt động,https://giayphep.abei.gov.vn/i/128179
Trang TTĐT Tổng Hợp,,TRƯỜNG HẢI QUAN VIỆT NAM,69/GP-TTĐT,https://www.truonghaiquan.edu.vn,Ngừng hoạt động,https://giayphep.abei.gov.vn/i/128719
Trang TTĐT Tổng Hợp,,VĂN PHÒNG ỦY BAN NHÂN DÂN TỈNH NAM ĐỊNH,70/GP-TTĐT,https://www.vpub.namdinh.gov.vn,Ngừng hoạt động,https://giayphep.abei.gov.vn/i/130300
Trang TTĐT Tổng Hợp,,BÁO ĐỜI SỐNG VÀ PHÁP LUẬT,68/GP-TTĐT,https://www.doisongphapluat.com.vn,Ngừng hoạt động,https://giayphep.abei.gov.vn/i/130291
Trang TTĐT Tổng Hợp,,"TRUNG TÂM ĐO KIỂM VÀ DỊCH VỤ PHÁT THANH, TRUYỀN HÌNH",66/GP-TTĐT,https://www.rts.com.vn,Ngừng hoạt động,https://giayphep.abei.gov.vn/i/130542
Trang TTĐT Tổng Hợp,,"TRUNG TÂM PHÁT THANH, TRUYỀN HÌNH, ĐIỆN ẢNH CÔNG AN NHÂN DÂN",67/GP-TTĐT,"https://www.antv.gov.vn, www.truyenhinhcongan.com.vn, www.truyenhinhcongan.vn, www.truyenhinhcand.com.vn",Ngừng hoạt động,https://giayphep.abei.gov.vn/i/131248
Trang TTĐT Tổng Hợp,,TẠP CHÍ MÔI TRƯỜNG VÀ SỨC KHỎE,65/GP-TTĐT,https://www.moitruongvasuckhoe.vn,Ngừng hoạt động,https://giayphep.abei.gov.vn/i/131318
Trang TTĐT Tổng Hợp,,TẠP CHÍ MÔI TRƯỜNG,64/GP-TTĐT,https://www.tapchimoitruong.vn,Ngừng hoạt động,https://giayphep.abei.gov.vn/i/130280
Trang TTĐT Tổng Hợp,,TẠP CHÍ ĐÔNG NAM Á,62/GP-TTĐT,https://www.seatimes.com.vn,Ngừng hoạt động,https://giayphep.abei.gov.vn/i/127954
Trang TTĐT Tổng Hợp,,"SỞ LAO ĐỘNG, THƯƠNG BINH VÀ XÃ HỘI TỈNH ĐẮK NÔNG",63/GP-TTĐT,https://www.sldtbxh.daknong.gov.vn,Ngừng hoạt động,https://giayphep.abei.gov.vn/i/128175
Trang TTĐT Tổng Hợp,,TỈNH ĐOÀN NINH THUẬN,61/GP-TTĐT,https://www.doanthanhnienninhthuan.org.vn,Ngừng hoạt động,https://giayphep.abei.gov.vn/i/128174
Trang TTĐT Tổng Hợp,,"TRUNG TÂM THÔNG TIN, XÚC TIẾN DU LỊCH TỈNH SƠN LA",59/GP-TTĐT,https://www.sonla-tourism.com; www.sonlatourism.net; www.sonlatourism.gov.vn; www.dulichsonla.gov.vn,Ngừng hoạt động,https://giayphep.abei.gov.vn/i/128949
Trang TTĐT Tổng Hợp,,SỞ CÔNG THƯƠNG TỈNH ĐẮK NÔNG,60/GP-TTĐT,https://www.sct.daknong.gov.vn,Ngừng hoạt động,https://giayphep.abei.gov.vn/i/128716
Trang TTĐT Tổng Hợp,,TRUNG TÂM THÔNG TIN - ỦY BAN DÂN TỘC,58/GP-TTĐT,https://www.ubdt.gov.vn,Ngừng hoạt động,https://giayphep.abei.gov.vn/i/129420
Trang TTĐT Tổng Hợp,,SỞ THÔNG TIN VÀ TRUYỀN THÔNG LÀO CAI,51/GP-TTĐT,https://www.doingoailaocai.vn,Ngừng hoạt động,https://giayphep.abei.gov.vn/i/129770
Trang TTĐT Tổng Hợp,,SỞ XÂY DỰNG TỈNH ĐẮK NÔNG,54/GP-TTĐT,https://www.sxd.daknong.gov.vn,Ngừng hoạt động,https://giayphep.abei.gov.vn/i/131016
Trang TTĐT Tổng Hợp,,ĐÀI TRUYỀN THANH THỊ XÃ PHÚ THỌ,50/GP-TTĐT,https://www.thixaphutho.gov.vn,Ngừng hoạt động,https://giayphep.abei.gov.vn/i/130165
Trang TTĐT Tổng Hợp,,BAN NỘI CHÍNH TRUNG ƯƠNG,52/GP-TTĐT,https://www.noichinh.vn; www.noichinh.org.vn,Ngừng hoạt động,https://giayphep.abei.gov.vn/i/128788
Trang TTĐT Tổng Hợp,,CÔNG TY CỔ PHẦN TRUYỀN THÔNG VÀ DỊCH VỤ PTC VINA,49/GP-TTĐT,https://www.iza.haiduong.vn,Ngừng hoạt động,https://giayphep.abei.gov.vn/i/129757
Trang TTĐT Tổng Hợp,,BÁO GIÁC NGỘ,56/GP-TTĐT,https://www.giacngo.vn,Ngừng hoạt động,https://giayphep.abei.gov.vn/i/131081
Trang TTĐT Tổng Hợp,,VĂN PHÒNG HĐND VÀ UBND THÀNH PHỐ HUẾ,53/GP-TTĐT,https://www.huecity.gov.vn,Ngừng hoạt động,https://giayphep.abei.gov.vn/i/128027
Trang TTĐT Tổng Hợp,,SỞ THÔNG TIN VÀ TRUYỀN THÔNG KIÊN GIANG,57/GP-TTĐT,https://www.sotttt.kiengiang.gov.vn,Ngừng hoạt động,https://giayphep.abei.gov.vn/i/129115
Trang TTĐT Tổng Hợp,,"SỞ VĂN HÓA, THỂ THAO VÀ DU LỊCH TỈNH ĐẮK NÔNG",55/GP-TTĐT,https://www.svhttdl.daknong.gov.vn,Ngừng hoạt động,https://giayphep.abei.gov.vn/i/128026
Trang TTĐT Tổng Hợp,,CÔNG TY CỔ PHẦN TRUYỀN THÔNG HÀ TĨNH NEWSZ,48/GP-TTĐT,https://www.hatinhnews.com.vn,Ngừng hoạt động,https://giayphep.abei.gov.vn/i/131235
Trang TTĐT Tổng Hợp,,SỞ THÔNG TIN VÀ TRUYỀN THÔNG YÊN BÁI,44/GP-TTĐT,https://www.sotttt.yenbai.gov.vn,Ngừng hoạt động,https://giayphep.abei.gov.vn/i/128785
Trang TTĐT Tổng Hợp,,"SỞ VĂN HOÁ, THỂ THAO VÀ DU LỊCH LÀO CAI",46/GP-TTĐT,https://www.dulichtaybac.vn,Ngừng hoạt động,https://giayphep.abei.gov.vn/i/129583
Trang TTĐT Tổng Hợp,,TRUNG TÂM KHUYẾN CÔNG VÀ TƯ VẤN PHÁT TRIỂN CÔNG NGHIỆP TỈNH QUẢNG NINH,45/GP-TTĐT,https://www.khuyencongquangninh.net.vn,Ngừng hoạt động,https://giayphep.abei.gov.vn/i/128600
Trang TTĐT Tổng Hợp,,SỞ TÀI NGUYÊN VÀ MÔI TRƯỜNG TỈNH CAO BẰNG,47/GP-TTĐT,https://www.tnmtcaobang.gov.vn,Ngừng hoạt động,https://giayphep.abei.gov.vn/i/127974
Trang TTĐT Tổng Hợp,,HỘI NGƯỜI CAO TUỔI VIỆT NAM,43/GP-TTĐT,https://www.hoinguoicaotuoi.vn,Ngừng hoạt động,https://giayphep.abei.gov.vn/i/129124
Trang TTĐT Tổng Hợp,,THƯ VIỆN TỈNH PHÚ YÊN,42/GP-TTĐT,https://www.thuvienhaiphu.com.vn,Ngừng hoạt động,https://giayphep.abei.gov.vn/i/129727
Trang TTĐT Tổng Hợp,,THƯ VIỆN TỈNH LÀO CAI,41/GP-TTĐT,https://www.thuvienlaocai.vn,Ngừng hoạt động,https://giayphep.abei.gov.vn/i/129327
Trang TTĐT Tổng Hợp,,TẠP CHÍ NGƯỜI LÀM BÁO,39/GP-TTĐT,https://www.nguoilambao.vn,Ngừng hoạt động,https://giayphep.abei.gov.vn/i/128782
Trang TTĐT Tổng Hợp,,TRUNG TÂM ĐÀO TẠO BỒI DƯỠNG NGHIỆP VỤ TRUYỀN HÌNH,40/GP-TTĐT,https://www.daotaotv.vn,Ngừng hoạt động,https://giayphep.abei.gov.vn/i/129706
Trang TTĐT Tổng Hợp,,HỘI NÔNG DÂN TỈNH NINH THUẬN,38/GP-TTĐT,https://www.hoinongdanninhthuan.org.vn,Ngừng hoạt động,https://giayphep.abei.gov.vn/i/128125
Trang TTĐT Tổng Hợp,,TRƯỜNG ĐẠI HỌC TRÀ VINH,35/GP-TTĐT,https://www.tvu.edu.vn,Ngừng hoạt động,https://giayphep.abei.gov.vn/i/128780
Trang TTĐT Tổng Hợp,,HIỆP HỘI CÀ PHÊ BUÔN MA THUỘT,37/GP-TTĐT,https://www.bmtca.vn,Ngừng hoạt động,https://giayphep.abei.gov.vn/i/127967
Trang TTĐT Tổng Hợp,,TRUNG TÂM CÔNG NGHỆ THÔNG TIN VÀ TRUYỀN THÔNG THỪA THIÊN HUẾ,36/GP-TTĐT,https://www.huecity.vn,Ngừng hoạt động,https://giayphep.abei.gov.vn/i/128862
Trang TTĐT Tổng Hợp,,VIỆN KIỂM SÁT NHÂN DÂN TỈNH KHÁNH HÒA,34/GP-TTĐT,https://www.vkskh.gov.vn,Ngừng hoạt động,https://giayphep.abei.gov.vn/i/128059
Trang TTĐT Tổng Hợp,,SỞ GIÁO DỤC VÀ ĐÀO TẠO TIỀN GIANG,33/GP-TTĐT,https://www.tiengiang.edu.vn,Ngừng hoạt động,https://giayphep.abei.gov.vn/i/127762
Trang TTĐT Tổng Hợp,,BAN QUẢN LÝ CÁC KHU CÔNG NGHIỆP TỈNH HÀ NAM,31/GP-TTĐT,https://www.izhanam.gov.vn,Ngừng hoạt động,https://giayphep.abei.gov.vn/i/128776
Trang TTĐT Tổng Hợp,,SỞ XÂY DỰNG NAM ĐỊNH,32/GP-BTTTT,https://www.soxaydung.namdinh.gov.vn,Ngừng hoạt động,https://giayphep.abei.gov.vn/i/127919
Trang TTĐT Tổng Hợp,,CÔNG TY ĐIỆN LỰC TIỀN GIANG,30/GP-TTĐT,https://www.pctiengiang.evnspc.vn,Ngừng hoạt động,https://giayphep.abei.gov.vn/i/128856
Trang TTĐT Tổng Hợp,,SỞ CẢNH SÁT PHÒNG CHÁY VÀ CHỮA CHÁY THÀNH PHỐ ĐÀ NẴNG,28/GP-TTĐT,https://www.pccc.danang.gov.vn,Ngừng hoạt động,https://giayphep.abei.gov.vn/i/129697
Trang TTĐT Tổng Hợp,,"TRUNG TÂM ĐÀO TẠO, TƯ VẤN VÀ THÔNG TIN KINH TẾ",26/GP-TTĐT,https://www.cetai.org.vn,Ngừng hoạt động,https://giayphep.abei.gov.vn/i/130015
Trang TTĐT Tổng Hợp,,BAN QUẢN LÝ VỊNH HẠ LONG,29/GP-TTĐT,https://www.halongbay.com.vn,Ngừng hoạt động,https://giayphep.abei.gov.vn/i/129170
Trang TTĐT Tổng Hợp,,ĐÀI PHÁT THANH - TRUYỀN HÌNH TRÀ VINH,25/GP-TTĐT,https://www.thtv.gov.vn; www.truyenhinhtravinh.vn,Ngừng hoạt động,https://giayphep.abei.gov.vn/i/130120
Trang TTĐT Tổng Hợp,,TRUNG TÂM XÚC TIẾN THƯƠNG MẠI LẠNG SƠN,24/GP-TTĐT,https://www.langsontrade.vn,Ngừng hoạt động,https://giayphep.abei.gov.vn/i/129640
Trang TTĐT Tổng Hợp,,CÔNG TY TNHH MỘT THÀNH VIÊN NHÀ XUẤT BẢN NÔNG NGHIỆP,21/GP-TTĐT,https://www.nxbnongnghiep.com,Ngừng hoạt động,https://giayphep.abei.gov.vn/i/128057
Trang TTĐT Tổng Hợp,,SỞ THÔNG TIN VÀ TRUYỀN THÔNG BẾN TRE,23/GP-TTĐT,https://www.biengioibienbentre.vn,Ngừng hoạt động,https://giayphep.abei.gov.vn/i/130551
Trang TTĐT Tổng Hợp,,TRƯỜNG TRUNG HỌC VĂN HÓA NGHỆ THUẬT ĐÀ NẴNG,22/GP-TTĐT,https://www.vhtndng.vn,Ngừng hoạt động,https://giayphep.abei.gov.vn/i/130105
Trang TTĐT Tổng Hợp,,TẠP CHÍ LÝ LUẬN CHÍNH TRỊ,20/GP-TTĐT,https://www.lyluanchinhtri.org.vn; www.lyluanchinhtri.vn,Ngừng hoạt động,https://giayphep.abei.gov.vn/i/129914
